1,20110101,0
2,20110102,0.02
3,20110103,0.03
4,20110104,0
5,20110105,0
6,20110106,0
7,20110107,0
8,20110108,1
9,20110109,0.02
10,20110110,0
11,20110111,0
12,20110112,1.67
13,20110113,0.93
14,20110114,0
15,20110115,0
16,20110116,0.11
17,20110117,0
18,20110118,0.36
19,20110119,0.9
20,20110120,0.2
21,20110121,0.81
22,20110122,0.06
23,20110123,0
24,20110124,0
25,20110125,0.23
26,20110126,0.1
27,20110127,0.77
28,20110128,0
29,20110129,0.02
30,20110130,0
31,20110131,0
32,20110201,0.14
33,20110202,1.74
34,20110203,0.79
35,20110204,0
36,20110205,0
37,20110206,0.52
38,20110207,0
39,20110208,0.54
40,20110209,0.08
41,20110210,0
42,20110211,0
43,20110212,0
44,20110213,0.12
45,20110214,0
46,20110215,0.13
47,20110216,0
48,20110217,0
49,20110218,0
50,20110219,0.18
51,20110220,0
52,20110221,0.18
53,20110222,0.02
54,20110223,0
55,20110224,0
56,20110225,0.61
57,20110226,2.66
58,20110227,0.48
59,20110228,0.08
60,20110301,1.31
61,20110302,0
62,20110303,0.12
63,20110304,0
64,20110305,0
65,20110306,0
66,20110307,7.54
67,20110308,0.02
68,20110309,0
69,20110310,0.02
70,20110311,1.54
71,20110312,0.72
72,20110313,0.06
73,20110314,0
74,20110315,0.06
75,20110316,0.24
76,20110317,1.22
77,20110318,0
78,20110319,0
79,20110320,0
80,20110321,0.06
81,20110322,0.42
82,20110323,0
83,20110324,0.29
84,20110325,0.01
85,20110326,0
86,20110327,0
87,20110328,0
88,20110329,0
89,20110330,0
90,20110331,0.06
91,20110401,0.63
92,20110402,0.17
93,20110403,0.07
94,20110404,0.12
95,20110405,0.55
96,20110406,0.62
97,20110407,0.03
98,20110408,0
99,20110409,0
100,20110410,0
101,20110411,0
102,20110412,0.1
103,20110413,1.53
104,20110414,0.27
105,20110415,0
106,20110416,0
107,20110417,4.48
108,20110418,0.05
109,20110419,0.18
110,20110420,0.62
111,20110421,0
112,20110422,0
113,20110423,0.35
114,20110424,0.89
115,20110425,0.06
116,20110426,0.1
117,20110427,0.49
118,20110428,0.01
119,20110429,0.84
120,20110430,0
121,20110501,0
122,20110502,0
123,20110503,0
124,20110504,0.05
125,20110505,0.59
126,20110506,0
127,20110507,0
128,20110508,0
129,20110509,0
130,20110510,0
131,20110511,0
132,20110512,0
133,20110513,0
134,20110514,0
135,20110515,0.16
136,20110516,1.63
137,20110517,0.19
138,20110518,0.89
139,20110519,1.52
140,20110520,0.51
141,20110521,0.19
142,20110522,0.33
143,20110523,0.06
144,20110524,0.19
145,20110525,0.04
146,20110526,0
147,20110527,0
148,20110528,0
149,20110529,0
150,20110530,0.22
151,20110531,0.29
152,20110601,0
153,20110602,0.59
154,20110603,0
155,20110604,0
156,20110605,0
157,20110606,0
158,20110607,0.17
159,20110608,0
160,20110609,0.43
161,20110610,1.03
162,20110611,0.33
163,20110612,0.89
164,20110613,0.03
165,20110614,1.51
166,20110615,0.31
167,20110616,0.25
168,20110617,0.42
169,20110618,0.77
170,20110619,0
171,20110620,0
172,20110621,0
173,20110622,0.1
174,20110623,0.96
175,20110624,1.68
176,20110625,0.13
177,20110626,0.4
178,20110627,0
179,20110628,0
180,20110629,0.68
181,20110630,0
182,20110701,0
183,20110702,0
184,20110703,0
185,20110704,0.83
186,20110705,0
187,20110706,0
188,20110707,0.13
189,20110708,0.03
190,20110709,0.79
191,20110710,0
192,20110711,0
193,20110712,0
194,20110714,0.01
195,20110715,0
196,20110716,0
197,20110717,0
198,20110718,0
199,20110719,0.05
200,20110720,0
201,20110721,0
202,20110722,0
203,20110723,0
204,20110724,0.01
205,20110725,0.1
206,20110726,1.34
207,20110727,1.04
208,20110728,0
209,20110729,0
210,20110730,0.83
211,20110731,0
212,20110801,0
213,20110802,0.57
214,20110803,0
215,20110804,0.06
216,20110805,0.01
217,20110806,0
218,20110807,1.51
219,20110808,0
220,20110809,0
221,20110810,0.51
222,20110811,0.05
223,20110812,0
224,20110813,0
225,20110814,0.08
226,20110815,2.18
227,20110816,0.77
228,20110817,0.1
229,20110818,0
230,20110819,0.01
231,20110820,1.3
232,20110821,0
233,20110822,0.77
234,20110823,0.04
235,20110824,0
236,20110825,0
237,20110826,1.46
238,20110827,0
239,20110828,9.2
240,20110829,3.21
241,20110830,0
242,20110831,0
243,20110901,0
244,20110902,0
245,20110903,0
246,20110904,0
247,20110905,0.02
248,20110906,2.79
249,20110907,2.35
250,20110908,4
251,20110909,0.11
252,20110910,0
253,20110911,0
254,20110912,0
255,20110913,0
256,20110914,0
257,20110915,0
258,20110916,0.16
259,20110917,0
260,20110918,0
261,20110919,0
262,20110920,0
263,20110921,0.17
264,20110922,0.85
265,20110923,0.43
266,20110924,2.75
267,20110925,0
268,20110926,0
269,20110927,0
270,20110928,0
271,20110930,4.37
272,20111001,1.64
273,20111002,0.62
274,20111003,0.43
275,20111004,0.64
276,20111005,0.18
277,20111006,0
278,20111007,0
279,20111008,0
280,20111009,0
281,20111010,0
282,20111011,0
283,20111012,0
284,20111013,0.93
285,20111014,0.48
286,20111015,1.45
287,20111016,0.02
288,20111017,0.05
289,20111018,0
290,20111019,0.01
291,20111020,1.04
292,20111021,0.03
293,20111022,0
294,20111023,0
295,20111024,0
296,20111025,0.06
297,20111026,0.07
298,20111027,0.42
299,20111028,1.22
300,20111029,0
301,20111030,2.67
302,20111031,0
303,20111101,0
304,20111102,0
305,20111103,0
306,20111104,0
307,20111105,0
308,20111106,0
309,20111107,0
310,20111108,0
311,20111109,0
312,20111110,0
313,20111111,0.23
314,20111112,0.13
315,20111113,0
316,20111114,0
317,20111115,0.01
318,20111116,0.04
319,20111117,0.86
320,20111118,0.02
321,20111119,0
322,20111120,0
323,20111121,0
324,20111122,0
325,20111123,3.53
326,20111124,0.14
327,20111125,0
328,20111126,0
329,20111127,0
330,20111128,0
331,20111129,0
332,20111130,1.36
333,20111201,0
334,20111202,0
335,20111203,0
336,20111204,0
337,20111205,0
338,20111206,0.12
339,20111207,0.31
340,20111208,5.26
341,20111209,0
342,20111210,0
343,20111211,0
344,20111212,0
345,20111213,0
346,20111214,0
347,20111215,0.08
348,20111216,0.13
349,20111217,0
350,20111218,0
351,20111219,0
352,20111220,0
353,20111221,0
354,20111222,1.06
355,20111223,1.44
356,20111224,0
357,20111225,0.06
358,20111226,0.01
359,20111227,0
360,20111228,1.9
361,20111229,0
362,20111230,0
363,20111231,0.07
364,20120101,0.14
365,20120102,0.5
366,20120103,0
367,20120104,0
368,20120105,0
369,20120106,0
370,20120107,0
371,20120108,0
372,20120109,0
373,20120110,0
374,20120111,0
375,20120112,0.51
376,20120113,1.5
377,20120114,0.06
378,20120115,0
379,20120116,0
380,20120117,0.4
381,20120118,0.04
382,20120119,0
383,20120120,0.18
384,20120121,0.2
385,20120122,0.36
386,20120123,0
387,20120124,0.52
388,20120125,0
389,20120126,0
390,20120127,1.52
391,20120128,1.28
392,20120129,0.04
393,20120130,0.03
394,20120131,0.11
395,20120201,0
396,20120202,0.01
397,20120203,0
398,20120204,0
399,20120205,0
400,20120206,0
401,20120207,0
402,20120208,0
403,20120209,0
404,20120210,0
405,20120211,0.01
406,20120212,0.02
407,20120213,0
408,20120214,0
409,20120215,0.01
410,20120216,0.02
411,20120217,0.3
412,20120218,0.01
413,20120219,0.03
414,20120220,0
415,20120221,0
416,20120222,0.05
417,20120223,0.02
418,20120224,0.52
419,20120225,0.8
420,20120226,0.17
421,20120227,0
422,20120228,0.02
423,20120229,0
424,20120301,1.5
425,20120302,0.27
426,20120303,0.5
427,20120304,0.19
428,20120305,0.02
429,20120306,0
430,20120307,0
431,20120308,0
432,20120309,0.18
433,20120310,0.06
434,20120311,0
435,20120312,0
436,20120313,0.27
437,20120314,0
438,20120315,0
439,20120316,0
440,20120317,0.16
441,20120318,0
442,20120319,0
443,20120320,0
444,20120321,0
445,20120322,0
446,20120323,0
447,20120324,0
448,20120325,0.13
449,20120326,0
450,20120327,0
451,20120328,0
452,20120329,0.38
453,20120330,0
454,20120331,0.41
455,20120401,0.02
456,20120402,0.32
457,20120403,0
458,20120404,0
459,20120405,0.04
460,20120406,0
461,20120407,0
462,20120408,0
463,20120409,0.07
464,20120410,0
465,20120411,0.01
466,20120412,0.03
467,20120413,0.27
468,20120414,0
469,20120415,0.11
470,20120416,0
471,20120417,0
472,20120418,0
473,20120419,0
474,20120420,0
475,20120421,0
476,20120422,0.07
477,20120423,4.42
478,20120424,0.04
479,20120425,0.13
480,20120426,0.08
481,20120427,0.08
482,20120428,0
483,20120429,0
484,20120430,0
485,20120501,0.37
486,20120502,0.65
487,20120503,0.45
488,20120504,0.08
489,20120505,0
490,20120506,0
491,20120507,0
492,20120508,0.21
493,20120509,0.68
494,20120510,1.38
495,20120511,0.02
496,20120512,0
497,20120513,0
498,20120514,0.08
499,20120515,0.5
500,20120516,0.36
501,20120517,0.38
502,20120518,0
503,20120519,0
504,20120520,0
505,20120521,0
506,20120522,0.7
507,20120523,0.06
508,20120524,0.03
509,20120525,0.14
510,20120526,0
511,20120527,0
512,20120528,0
513,20120529,0
514,20120530,0.92
515,20120531,0.31
516,20120601,0
517,20120602,1.75
518,20120603,0.47
519,20120604,0.41
520,20120605,0.32
521,20120606,0.05
522,20120607,0.17
523,20120608,0.01
524,20120609,0.05
525,20120610,0
526,20120611,0
527,20120612,0
528,20120613,1.18
529,20120614,0.1
530,20120615,0
531,20120616,0
532,20120617,0
533,20120618,0
534,20120619,0
535,20120620,0
536,20120621,0
537,20120622,0
538,20120623,0.18
539,20120624,0
540,20120625,1.31
541,20120626,0.74
542,20120627,0
543,20120628,0
544,20120629,0.04
545,20120630,0
546,20120701,0
547,20120702,1.43
548,20120703,0
549,20120704,0.08
550,20120705,0
551,20120706,0
552,20120707,0
553,20120708,0
554,20120709,0
555,20120710,0
556,20120711,0
557,20120713,0
558,20120714,0.1
559,20120715,0
560,20120716,0.16
561,20120717,0
562,20120718,0
563,20120719,0.05
564,20120720,0.25
565,20120721,0.86
566,20120722,0
567,20120723,0.22
568,20120724,0.17
569,20120725,0.03
570,20120726,0.04
571,20120727,0.15
572,20120728,0
573,20120729,2.87
574,20120730,0.02
575,20120731,0
576,20120801,0
577,20120802,0
578,20120803,0
579,20120804,0
580,20120805,0
581,20120806,1.49
582,20120807,0
583,20120808,0
584,20120809,0
585,20120810,0
586,20120811,1.5
587,20120812,0.5
588,20120813,0
589,20120814,0
590,20120815,1.04
591,20120816,0.34
592,20120817,0
593,20120818,0.3
594,20120819,0
595,20120820,0
596,20120821,0.08
597,20120822,0
598,20120823,0
599,20120824,0
600,20120825,0
601,20120826,0
602,20120827,0
603,20120828,2.2
604,20120829,0
605,20120830,0
606,20120831,0
607,20120901,0
608,20120902,0.04
609,20120903,0
610,20120904,0.01
611,20120905,1.79
612,20120906,0.07
613,20120907,0
614,20120908,0
615,20120909,2.83
616,20120910,0
617,20120911,0
618,20120912,0
619,20120913,0
620,20120914,0
621,20120915,0.06
622,20120916,0
623,20120917,0
624,20120918,0.02
625,20120919,3.75
626,20120920,0
627,20120921,0
628,20120922,0
629,20120923,0.8
630,20120924,0
631,20120925,0
632,20120926,0.08
633,20120927,0
634,20120929,1.56
635,20120930,0.04
636,20121001,0
637,20121002,0
638,20121003,0.59
639,20121004,0.13
640,20121005,0.85
641,20121006,0
642,20121007,0.02
643,20121008,0.15
644,20121009,0
645,20121010,0.07
646,20121011,0.19
647,20121012,0
648,20121013,0.05
649,20121014,0.35
650,20121015,0.11
651,20121016,0.78
652,20121017,0
653,20121018,0
654,20121019,0.18
655,20121020,2.29
656,20121021,0
657,20121022,0
658,20121023,0
659,20121024,0.19
660,20121025,0
661,20121026,0
662,20121027,0
663,20121028,0
664,20121029,0
665,20121030,3.25
666,20121031,0.04
667,20121101,0
668,20121102,0
669,20121103,0
670,20121104,0
671,20121105,0
672,20121106,0
673,20121107,0
674,20121108,0.73
675,20121109,0.04
676,20121110,0
677,20121111,0
678,20121112,0
679,20121113,0.11
680,20121114,0.32
681,20121115,0
682,20121116,0
683,20121117,0
684,20121118,0
685,20121119,0
686,20121120,0
687,20121121,0
688,20121122,0
689,20121123,0
690,20121124,0.02
691,20121125,0
692,20121126,0
693,20121127,0
694,20121128,0.21
695,20121129,0
696,20121130,0
697,20121201,0.06
698,20121202,0.06
699,20121203,0.13
700,20121204,0
701,20121205,0.09
702,20121206,0
703,20121207,0
704,20121208,0.48
705,20121209,0.08
706,20121210,0.66
707,20121211,0.04
708,20121212,0
709,20121213,0
710,20121214,0
711,20121215,0
712,20121216,0
713,20121217,0.68
714,20121218,2.23
715,20121219,0.14
716,20121220,0
717,20121221,0.69
718,20121222,2.34
719,20121223,0.04
720,20121224,0
721,20121225,0.02
722,20121226,0
723,20121227,1.61
724,20121228,0.83
725,20121229,0
726,20121230,0.66
727,20130101,0
728,20130102,0.02
729,20130103,0
730,20130104,0
731,20130105,0
732,20130106,0.19
733,20130107,0
734,20130108,0
735,20130109,0
736,20130110,0.04
737,20130111,0
738,20130112,0.64
739,20130113,0.02
740,20130114,0.05
741,20130115,0
742,20130116,0.7
743,20130117,0.16
744,20130118,0
745,20130119,0
746,20130120,0
747,20130121,0
748,20130122,0.02
749,20130123,0
750,20130124,0
751,20130125,0
752,20130126,0.06
753,20130127,0
754,20130128,0
755,20130129,0.25
756,20130130,0.08
757,20130131,1.92
758,20130201,0.17
759,20130202,0
760,20130203,0.02
761,20130204,0
762,20130205,0
763,20130206,0
764,20130207,0
765,20130208,0
766,20130209,2.27
767,20130210,0
768,20130211,0.04
769,20130212,0.25
770,20130213,0
771,20130214,0.24
772,20130215,0
773,20130216,0.34
774,20130217,0.02
775,20130218,0
776,20130219,0
777,20130220,0.3
778,20130221,0
779,20130222,0
780,20130223,0
781,20130224,0.11
782,20130225,0.06
783,20130226,0
784,20130227,0.74
785,20130228,0.77
786,20130301,0
787,20130302,0
788,20130303,0.02
789,20130304,0
790,20130305,0
791,20130306,0
792,20130307,0.1
793,20130308,0.87
794,20130309,0.47
795,20130310,0
796,20130311,0
797,20130312,0.08
798,20130313,2.56
799,20130314,0.08
800,20130315,0
801,20130316,0.11
802,20130317,0
803,20130318,0
804,20130319,1.25
805,20130320,0.46
806,20130321,0
807,20130322,0
808,20130323,0
809,20130324,0
810,20130325,0
811,20130326,0
812,20130327,0
813,20130328,0
814,20130329,0
815,20130330,0
816,20130331,0
817,20130401,0.36
818,20130402,0.19
819,20130403,0
820,20130404,0
821,20130405,0
822,20130406,0
823,20130407,0
824,20130408,0.03
825,20130409,0.14
826,20130410,0.33
827,20130411,0.18
828,20130412,0.14
829,20130413,0.74
830,20130414,0.02
831,20130415,0
832,20130416,0
833,20130417,0.07
834,20130418,0
835,20130419,0
836,20130420,1.49
837,20130421,0
838,20130422,0
839,20130423,0
840,20130424,0
841,20130425,0.04
842,20130426,0
843,20130427,0
844,20130428,0
845,20130429,0
846,20130430,0.02
847,20130501,0
848,20130502,0
849,20130503,0
850,20130504,0
851,20130505,0
852,20130506,0
853,20130507,0
854,20130509,1.08
855,20130510,0.49
856,20130511,0.15
857,20130512,0.4
858,20130513,0
859,20130514,0
860,20130515,0
861,20130516,0.12
862,20130517,0
863,20130518,0
864,20130519,0
865,20130520,0.26
866,20130521,0
867,20130522,1.33
868,20130523,0.03
869,20130524,3.25
870,20130525,1.08
871,20130526,0.83
872,20130527,0.02
873,20130528,0
874,20130529,1.41
875,20130530,1.37
876,20130531,0
877,20130601,0
878,20130603,2.88
879,20130604,0.19
880,20130605,0
881,20130606,0
882,20130607,0.43
883,20130608,3.96
884,20130609,0
885,20130610,0
886,20130611,2.73
887,20130612,1.24
888,20130613,0.04
889,20130614,3.24
890,20130615,0.13
891,20130616,0
892,20130617,0
893,20130618,0.41
894,20130619,1.8
895,20130620,0
896,20130621,0
897,20130622,0
898,20130623,0
899,20130624,0
900,20130625,0.23
901,20130626,0.54
902,20130627,0.02
903,20130628,1.44
904,20130629,0.8
905,20130630,0.05
906,20130701,0.08
907,20130702,1.2
908,20130703,0
909,20130704,0
910,20130705,0
911,20130706,0
912,20130707,0
913,20130708,0.24
914,20130709,1.21
915,20130710,0.72
916,20130711,0.82
917,20130712,0
918,20130713,0
919,20130714,0.02
920,20130715,0
921,20130716,0
922,20130717,0
923,20130718,0
924,20130719,0.01
925,20130720,0
926,20130721,0.09
927,20130722,0
928,20130723,1.78
929,20130724,0.58
930,20130725,0
931,20130726,0.15
932,20130727,0.06
933,20130728,0
934,20130729,0.06
935,20130730,0
936,20130731,0
937,20130801,0
938,20130802,0.46
939,20130803,0.46
940,20130804,0.08
941,20130805,0.04
942,20130806,0
943,20130807,0
944,20130808,0
945,20130809,0.39
946,20130810,5.48
947,20130811,0
948,20130812,0
949,20130813,0
950,20130814,0.83
951,20130815,0
952,20130816,0
953,20130817,0
954,20130818,0
955,20130819,0
956,20130820,0
957,20130821,0
958,20130822,0
959,20130823,0.62
960,20130824,0
961,20130825,0
962,20130826,0.04
963,20130827,1.85
964,20130828,0
965,20130829,0.44
966,20130830,0
967,20130831,0
968,20130901,2.47
969,20130902,0.81
970,20130903,0.76
971,20130904,0
972,20130905,0
973,20130906,0
974,20130907,0
975,20130908,0.03
976,20130909,0
977,20130910,0.03
978,20130911,0.2
979,20130912,0.5
980,20130913,1.46
981,20130914,0
982,20130915,0
983,20130916,0.01
984,20130917,0.04
985,20130918,0
986,20130919,0
987,20130920,0
988,20130921,0
989,20130922,1.83
990,20130923,0
991,20130924,0
992,20130925,0
993,20130926,0
994,20130927,0
995,20130928,0
996,20130929,0
997,20130930,0
998,20131001,0
999,20131002,0
1000,20131003,0
1001,20131004,0
1002,20131005,0.13
1003,20131006,0.11
1004,20131007,0.32
1005,20131008,1.08
1006,20131009,0
1007,20131010,0
1008,20131011,0
1009,20131012,0
1010,20131013,0
1011,20131014,0
1012,20131015,0
1013,20131016,0
1014,20131017,0
1015,20131018,0.09
1016,20131019,0
1017,20131020,0.13
1018,20131021,0
1019,20131022,0
1020,20131023,0
1021,20131024,0
1022,20131025,0
1023,20131026,0
1024,20131027,0.08
1025,20131028,0
1026,20131029,0
1027,20131030,0.15
1028,20131031,0.1
1029,20131101,0.37
1030,20131102,0.12
1031,20131103,0.01
1032,20131104,0
1033,20131105,0
1034,20131106,0
1035,20131107,0
1036,20131108,0.15
1037,20131109,0
1038,20131110,0.11
1039,20131111,0.11
1040,20131112,0.18
1041,20131113,0.01
1042,20131114,0
1043,20131116,0.07
1044,20131117,0
1045,20131118,0.78
1046,20131119,0.11
1047,20131120,0
1048,20131121,0
1049,20131122,0.11
1050,20131123,0.14
1051,20131124,0.02
1052,20131125,0
1053,20131126,0.1
1054,20131127,3.98
1055,20131128,1.39
1056,20131129,0
1057,20131130,0
1058,20131201,0
1059,20131202,0
1060,20131203,0.01
1061,20131204,0
1062,20131205,0
1063,20131206,0.26
1064,20131207,1.02
1065,20131208,0
1066,20131209,0.02
1067,20131210,0.11
1068,20131211,0.16
1069,20131212,0
1070,20131213,0
1071,20131214,0.02
1072,20131215,1.17
1073,20131216,0.02
1074,20131217,0
1075,20131218,0.57
1076,20131219,0
1077,20131220,0
1078,20131221,0.01
1079,20131222,0.05
1080,20131223,0
1081,20131224,1.14
1082,20131225,0
1083,20131226,0
1084,20131227,0.13
1085,20131228,0
1086,20131229,0
1087,20131230,2
1088,20131231,0
1089,20140101,0
1090,20140102,0.27
1091,20140103,0.73
1092,20140104,0
1093,20140105,0
1094,20140106,0.55
1095,20140107,0.79
1096,20140108,0
1097,20140109,0
1098,20140110,0.08
1099,20140111,0.26
1100,20140112,1.23
1101,20140113,0
1102,20140114,0.01
1103,20140115,1.21
1104,20140116,0
1105,20140117,0
1106,20140118,0
1107,20140119,0.69
1108,20140120,0
1109,20140121,0.06
1110,20140122,0.12
1111,20140123,0
1112,20140124,0
1113,20140125,0
1114,20140126,0.21
1115,20140127,0
1116,20140128,0.02
1117,20140129,0
1118,20140130,0
1119,20140131,0
1120,20140201,0
1121,20140202,0.07
1122,20140203,0.15
1123,20140204,0.44
1124,20140205,0.93
1125,20140206,0.81
1126,20140207,0
1127,20140208,0
1128,20140209,0.02
1129,20140210,0.12
1130,20140211,0.01
1131,20140212,0
1132,20140213,0.18
1133,20140214,2.56
1134,20140215,0
1135,20140216,0.14
1136,20140217,0
1137,20140218,0
1138,20140219,0.15
1139,20140220,0.71
1140,20140221,0.34
1141,20140222,0.32
1142,20140223,0
1143,20140224,0
1144,20140225,0
1145,20140226,0
1146,20140227,0
1147,20140228,0.01
1148,20140301,0
1149,20140302,0.01
1150,20140303,0
1151,20140304,0
1152,20140305,0
1153,20140306,0
1154,20140307,0
1155,20140308,0
1156,20140309,0
1157,20140310,0.03
1158,20140311,0.05
1159,20140312,0
1160,20140313,0.92
1161,20140314,0.02
1162,20140315,0.03
1163,20140316,0.11
1164,20140317,0
1165,20140318,0
1166,20140319,0
1167,20140320,1.41
1168,20140321,0.11
1169,20140322,0
1170,20140323,0.08
1171,20140324,0
1172,20140325,0
1173,20140326,0
1174,20140327,0
1175,20140328,0.03
1176,20140329,0.47
1177,20140330,4
1178,20140331,1.6
1179,20140401,0
1180,20140402,0
1181,20140403,0
1182,20140404,0
1183,20140405,0.42
1184,20140406,0
1185,20140407,0
1186,20140408,0.54
1187,20140409,0
1188,20140410,0
1189,20140411,0.11
1190,20140412,0.5
1191,20140413,0
1192,20140414,0.03
1193,20140415,0.13
1194,20140416,3.11
1195,20140417,0
1196,20140418,0
1197,20140419,0
1198,20140420,0
1199,20140421,0
1200,20140422,0
1201,20140423,0.18
1202,20140424,0.05
1203,20140425,0
1204,20140426,1.21
1205,20140427,0.53
1206,20140428,0
1207,20140429,0
1208,20140430,0.65
1209,20140501,3.31
1210,20140502,0.12
1211,20140503,0
1212,20140504,0.19
1213,20140505,0
1214,20140506,0
1215,20140507,0
1216,20140508,0
1217,20140509,0.1
1218,20140510,0.09
1219,20140511,0.34
1220,20140512,0
1221,20140513,0
1222,20140514,0.06
1223,20140515,0.04
1224,20140516,0.15
1225,20140517,2.89
1226,20140518,0
1227,20140519,0
1228,20140520,0
1229,20140521,0
1230,20140522,0.02
1231,20140523,0.59
1232,20140524,0.96
1233,20140525,0.17
1234,20140526,0.04
1235,20140527,0
1236,20140528,0.28
1237,20140529,0
1238,20140530,0
1239,20140531,0.02
1240,20140601,0
1241,20140602,0
1242,20140603,0
1243,20140604,0.31
1244,20140605,0.75
1245,20140606,0.63
1246,20140607,0
1247,20140608,0
1248,20140609,0.03
1249,20140610,0.03
1250,20140611,0.29
1251,20140612,0.41
1252,20140613,0.19
1253,20140614,1.51
1254,20140615,0
1255,20140616,0
1256,20140617,0
1257,20140618,0.49
1258,20140619,0.06
1259,20140620,0.04
1260,20140621,0
1261,20140622,0
1262,20140623,0
1263,20140624,0
1264,20140625,0
1265,20140626,0.99
1266,20140627,0
1267,20140628,0
1268,20140629,0
1269,20140630,0
1270,20140701,0
1271,20140702,0
1272,20140703,2.04
1273,20140704,2.03
1274,20140705,0.87
1275,20140706,0
1276,20140707,0
1277,20140708,1.11
1278,20140709,0.57
1279,20140710,0.43
1280,20140711,0
1281,20140712,0
1282,20140713,0
1283,20140714,2.52
1284,20140715,0.39
1285,20140716,1.31
1286,20140717,0.13
1287,20140718,0
1288,20140719,0
1289,20140720,0.03
1290,20140721,0
1291,20140722,0
1292,20140723,0
1293,20140724,1.4
1294,20140725,0
1295,20140726,0
1296,20140727,0
1297,20140728,1.21
1298,20140729,0.42
1299,20140730,0
1300,20140731,0
1301,20140801,0
1302,20140802,0.56
1303,20140803,0
1304,20140804,0.01
1305,20140805,0
1306,20140806,0.48
1307,20140807,0
1308,20140808,0
1309,20140809,0
1310,20140810,0
1311,20140811,0
1312,20140812,0
1313,20140813,0.52
1314,20140814,7.71
1315,20140815,0
1316,20140816,0
1317,20140817,0.03
1318,20140818,0
1319,20140819,0
1320,20140820,0
1321,20140821,0.05
1322,20140822,0.64
1323,20140823,0
1324,20140824,0
1325,20140825,0
1326,20140826,0
1327,20140827,0
1328,20140828,0.76
1329,20140829,0
1330,20140830,0
1331,20140831,0
1332,20140901,0.36
1333,20140902,0
1334,20140903,0
1335,20140904,0
1336,20140905,0
1337,20140906,0
1338,20140907,0.7
1339,20140908,0
1340,20140909,0
1341,20140910,0
1342,20140911,0
1343,20140912,0
1344,20140913,0
1345,20140914,0.47
1346,20140916,0
1347,20140917,0.18
1348,20140918,0
1349,20140919,0
1350,20140920,0
1351,20140921,0
1352,20140922,0
1353,20140923,0
1354,20140924,0
1355,20140925,0
1356,20140926,0
1357,20140927,0
1358,20140928,0
1359,20140929,0
1360,20140930,0
1361,20141001,0.13
1362,20141002,0.37
1363,20141003,0
1364,20141004,0
1365,20141005,1.9
1366,20141006,0
1367,20141007,0
1368,20141008,0.61
1369,20141009,0
1370,20141010,0
1371,20141011,0.08
1372,20141012,0.25
1373,20141013,0
1374,20141014,0.01
1375,20141015,0
1376,20141016,3.31
1377,20141017,0.65
1378,20141018,0
1379,20141019,0.23
1380,20141020,0
1381,20141021,0
1382,20141022,0
1383,20141023,3.23
1384,20141024,1.02
1385,20141025,0.02
1386,20141026,0.15
1387,20141027,0
1388,20141028,0
1389,20141029,0
1390,20141030,0.23
1391,20141031,0
1392,20141101,0.01
1393,20141102,0.17
1394,20141103,0
1395,20141104,0
1396,20141105,0
1397,20141106,0
1398,20141107,0.27
1399,20141108,0.04
1400,20141109,0
1401,20141110,0
1402,20141111,0
1403,20141112,0
1404,20141113,0
1405,20141114,0.22
1406,20141115,0
1407,20141116,0
1408,20141117,1.05
1409,20141118,1.25
1410,20141119,0
1411,20141120,0
1412,20141121,0
1413,20141122,0
1414,20141123,0.09
1415,20141124,0.94
1416,20141125,0.19
1417,20141126,0
1418,20141127,2.12
1419,20141128,0
1420,20141129,0
1421,20141130,0
1422,20141201,0
1423,20141202,0
1424,20141203,0.89
1425,20141204,0.02
1426,20141205,0
1427,20141206,0.96
1428,20141207,1.58
1429,20141208,0
1430,20141209,0.06
1431,20141210,4.07
1432,20141211,0.65
1433,20141212,0.06
1434,20141213,0
1435,20141214,0
1436,20141215,0
1437,20141216,0
1438,20141217,0.83
1439,20141218,0.05
1440,20141219,0
1441,20141220,0
1442,20141221,0.03
1443,20141222,0.12
1444,20141223,0.23
1445,20141224,0.3
1446,20141225,0.7
1447,20141226,0.01
1448,20141227,0
1449,20141228,0.08
1450,20141229,0.08
1451,20141230,0
1452,20141231,0
1453,20150101,0
1454,20150102,0
1455,20150103,0
1456,20150104,1.07
1457,20150105,0.42
1458,20150106,0
1459,20150107,0.1
1460,20150108,0
1461,20150109,0.21
1462,20150110,0.19
1463,20150111,0
1464,20150112,0.17
1465,20150113,0.57
1466,20150114,0
1467,20150115,0
1468,20150116,0
1469,20150117,0
1470,20150118,0
1471,20150119,3.62
1472,20150120,0
1473,20150121,0
1474,20150122,0
1475,20150123,0
1476,20150124,0.43
1477,20150125,0.42
1478,20150126,0
1479,20150127,1.16
1480,20150128,0.28
1481,20150129,0
1482,20150130,0.1
1483,20150131,0.08
1484,20150201,0
1485,20150202,0.92
1486,20150203,1.06
1487,20150204,0
1488,20150205,0.1
1489,20150206,0.02
1490,20150207,0
1491,20150208,0.24
1492,20150209,1.03
1493,20150210,0.63
1494,20150211,0
1495,20150212,0
1496,20150213,0.04
1497,20150214,0
1498,20150215,0.5
1499,20150216,0
1500,20150217,0
1501,20150218,0
1502,20150219,0
1503,20150220,0
1504,20150221,0
1505,20150222,1.18
1506,20150223,0
1507,20150224,0
1508,20150225,0
1509,20150226,0
1510,20150227,0.02
1511,20150228,0
1512,20150301,0
1513,20150302,0.51
1514,20150303,0
1515,20150304,0.94
1516,20150305,0
1517,20150306,0
1518,20150307,0
1519,20150308,0
1520,20150309,0
1521,20150310,0
1522,20150311,0.25
1523,20150312,0
1524,20150313,0
1525,20150314,0.01
1526,20150315,1.04
1527,20150316,0
1528,20150317,0.03
1529,20150318,0.02
1530,20150319,0
1531,20150320,0
1532,20150321,0.34
1533,20150322,0.09
1534,20150323,0
1535,20150324,0
1536,20150325,0
1537,20150326,0.2
1538,20150327,1.09
1539,20150328,0
1540,20150329,0.14
1541,20150330,0
1542,20150331,0
1543,20150401,0
1544,20150402,0
1545,20150403,0
1546,20150404,1.07
1547,20150405,0
1548,20150406,0.04
1549,20150407,0
1550,20150408,0.35
1551,20150409,1.47
1552,20150410,0.91
1553,20150411,0.1
1554,20150412,0
1555,20150413,0
1556,20150414,0.03
1557,20150415,0
1558,20150416,0
1559,20150417,0.27
1560,20150418,0.05
1561,20150419,0
1562,20150420,0.15
1563,20150421,2.66
1564,20150422,0.07
1565,20150423,0.36
1566,20150424,0
1567,20150425,0
1568,20150426,0
1569,20150427,0
1570,20150428,0
1571,20150429,0
1572,20150430,0
1573,20150501,0
1574,20150502,0
1575,20150503,0
1576,20150504,0.04
1577,20150505,0
1578,20150506,0
1579,20150507,0
1580,20150508,0
1581,20150509,0
1582,20150510,0
1583,20150511,0
1584,20150512,0
1585,20150513,0.02
1586,20150514,0
1587,20150515,0
1588,20150516,0.07
1589,20150517,0
1590,20150518,0
1591,20150519,0.23
1592,20150520,0.44
1593,20150521,0
1594,20150522,0
1595,20150523,0
1596,20150524,0.02
1597,20150525,0
1598,20150526,0
1599,20150527,0
1600,20150528,0.61
1601,20150529,0
1602,20150530,0
1603,20150531,0.03
1604,20150601,0.47
1605,20150602,3.34
1606,20150603,0.02
1607,20150604,0
1608,20150605,0
1609,20150606,0.26
1610,20150607,0
1611,20150608,0
1612,20150609,0.94
1613,20150610,0.43
1614,20150611,0
1615,20150612,0
1616,20150613,0.67
1617,20150614,0
1618,20150615,3.04
1619,20150616,0.84
1620,20150617,0.07
1621,20150618,0
1622,20150619,0
1623,20150620,0
1624,20150621,1.27
1625,20150622,0.33
1626,20150623,0
1627,20150624,0.92
1628,20150625,0
1629,20150626,0
1630,20150627,0
1631,20150628,2.06
1632,20150629,0.19
1633,20150630,0
1634,20150701,1.21
1635,20150702,0
1636,20150703,0
1637,20150704,0
1638,20150705,0.17
1639,20150706,0
1640,20150707,0
1641,20150708,0.16
1642,20150709,0
1643,20150710,0.72
1644,20150711,0
1645,20150712,0
1646,20150713,0
1647,20150714,0.03
1648,20150715,0.07
1649,20150716,1.63
1650,20150717,0
1651,20150718,0.08
1652,20150719,0.75
1653,20150720,0
1654,20150721,0
1655,20150722,0.39
1656,20150723,0
1657,20150724,0
1658,20150725,0.05
1659,20150726,0.07
1660,20150727,0.46
1661,20150728,0.08
1662,20150729,0
1663,20150730,0
1664,20150731,0.48
1665,20150801,0
1666,20150802,0.22
1667,20150803,0
1668,20150804,0
1669,20150805,0.4
1670,20150806,0
1671,20150807,0
1672,20150808,0
1673,20150809,0
1674,20150810,0
1675,20150811,0.24
1676,20150812,1.5
1677,20150813,0
1678,20150814,0
1679,20150815,0
1680,20150816,0.51
1681,20150817,0
1682,20150818,0
1683,20150819,0.41
1684,20150820,0
1685,20150821,0.83
1686,20150822,0.37
1687,20150823,0
1688,20150824,0
1689,20150825,0.18
1690,20150826,0
1691,20150827,0
1692,20150828,0
1693,20150829,0
1694,20150830,0
1695,20150831,0
1696,20150901,0
1697,20150902,0
1698,20150903,0
1699,20150904,0
1700,20150905,0
1701,20150906,0
1702,20150907,0
1703,20150908,0
1704,20150909,0
1705,20150910,0.36
1706,20150911,0.62
1707,20150912,0
1708,20150913,0.56
1709,20150914,0.35
1710,20150915,0
1711,20150916,0
1712,20150917,0
1713,20150918,0
