1,20120101,0.0789912482726854
2,20120102,0.212671881432688
3,20120103,0.0320861244019139
4,20120104,0.01
5,20120105,0.0102764976958525
6,20120106,0.0382743362831858
7,20120107,0.0437412858249419
8,20120108,0.0661926605504587
9,20120109,0.01
10,20120110,0.0252314814814815
11,20120111,0.0195238095238095
12,20120112,0.217347751849744
13,20120113,0.391350349938246
14,20120114,0.171941544885177
15,20120115,0.0238888888888889
16,20120116,0
17,20120117,0.0689655172413793
18,20120118,0.169477151090984
19,20120119,0.0126666666666667
20,20120120,0.125114918512328
21,20120121,0.0760365198711063
22,20120122,0.0713609215017065
23,20120123,0
24,20120124,0.357081103334706
25,20120125,0.0192513368983957
26,20120126,0.0329812606473595
27,20120127,0.665356113627007
28,20120128,0.468740222313709
29,20120129,0.0247699214365881
30,20120130,0.0479517133956386
31,20120131,0.0452795031055901
32,20120201,0.124488859764089
33,20120202,0.0575482456140351
34,20120203,0
35,20120204,0.0226190476190476
36,20120205,0.0344081632653061
37,20120206,0.01
38,20120207,0.0111111111111111
39,20120208,0.0104761904761905
40,20120209,0.01
41,20120210,0
42,20120211,0.0151859099804305
43,20120212,0.0204075546719682
44,20120213,0.0109090909090909
45,20120214,0.0107638888888889
46,20120215,0.0203945111492281
47,20120216,0.0194968553459119
48,20120217,0.11246192893401
49,20120218,0.0235221674876847
50,20120219,0.0313443396226415
51,20120220,0
52,20120221,0
53,20120222,0.0343873137914464
54,20120223,0.0519009808500701
55,20120224,0.0856950255695026
56,20120225,0.48809386578839
57,20120226,0.0678967350037965
58,20120227,0
59,20120228,0.0512588555858311
60,20120229,0.0106976744186047
61,20120301,0.408937834499794
62,20120302,0.313513402061856
63,20120303,0.210411692054343
64,20120304,0.230284360189573
65,20120305,0.0813495575221239
66,20120306,0
67,20120307,0.01
68,20120308,0
69,20120309,0.249517326732673
70,20120310,0.0536207951070336
71,20120311,0.0214634146341463
72,20120312,0
73,20120313,0.0455264688772542
74,20120314,0.0671775312066574
75,20120315,0.0936372646184341
76,20120316,0.0851508379888268
77,20120317,0.126722931247427
78,20120318,0.0433088235294118
79,20120319,0.01
80,20120320,0.0488888888888889
81,20120321,0.01
82,20120322,0.01
83,20120323,0.0288888888888889
84,20120324,0.0181132075471698
85,20120325,0.0980323325635104
86,20120326,0.11619625137817
87,20120327,0.0108163265306122
88,20120328,0.0454442456768038
89,20120329,0.125002163565556
90,20120330,0.0227095516569201
91,20120331,0.0997144948755491
92,20120401,0.0133471074380165
93,20120402,0.118666943521595
94,20120403,0
95,20120404,0.0209285714285714
96,20120405,0.029696739954511
97,20120406,0.01
98,20120407,0.0103703703703704
99,20120408,0.0217782909930716
100,20120409,0.117052200614125
101,20120410,0.158595342066958
102,20120411,0.0501004636785162
103,20120412,0.0477002204261572
104,20120413,0.0538854489164087
105,20120414,0
106,20120415,0.0284543761638734
107,20120416,0.0652078239608802
108,20120417,0.0159259259259259
109,20120418,0
110,20120419,0
111,20120420,0.01
112,20120421,0.0108547008547009
113,20120422,0.551460674157303
114,20120423,1.51747221078633
115,20120424,0.494012539184953
116,20120425,0.0421821631878558
117,20120426,0.0425510876730389
118,20120427,0.359410175596578
119,20120428,0.0310564663023679
120,20120429,0.01
121,20120430,0
122,20120501,0.23478386167147
123,20120502,0.288801482701812
124,20120503,0.121146993318486
125,20120504,0.172947715109098
126,20120505,0.0888296488946684
127,20120506,0.01
128,20120507,0.0166666666666667
129,20120508,0.239548595117457
130,20120509,0.604545080279951
131,20120510,0.481737340469329
132,20120511,0.16203771849126
133,20120512,0.0172448979591837
134,20120513,0.0498297872340426
135,20120514,0.0683552333484368
136,20120515,0.477772745986002
137,20120516,0.276599423631124
138,20120517,0.293746249464209
139,20120518,0
140,20120519,0
141,20120520,0
142,20120521,0
143,20120522,0.216048979591837
144,20120523,0.145637674628211
145,20120524,0.0755128205128205
146,20120525,0.0688135593220339
147,20120526,0.0535819327731092
148,20120527,0.107323943661972
149,20120528,0.0820057581573896
150,20120529,0.499855951478393
151,20120530,0.917381638534376
152,20120531,0.0989966923925028
153,20120601,0.0276744186046512
154,20120602,0.276576535288726
155,20120603,1.55824207492795
156,20120604,0.547023466447098
157,20120605,0.151071726438699
158,20120606,0.0716546762589928
159,20120607,0.125386919620569
160,20120608,0.0907909215955983
161,20120609,0.271499777481086
162,20120610,0.0156277056277056
163,20120611,0.0345454545454545
164,20120612,0.01
165,20120613,0.516595306710581
166,20120614,0.161636363636364
167,20120615,0
168,20120616,0
169,20120617,0
170,20120618,0
171,20120619,0.01
172,20120620,0.01
173,20120621,0.0803846153846154
174,20120622,0.106566666666667
175,20120623,0.222410526315789
176,20120624,0.343575727181545
177,20120625,0.113698238933841
178,20120626,0.542787225217752
179,20120627,0.390864680019541
180,20120628,0.113766871165644
181,20120629,0.0725671487603306
182,20120630,0.0488623435722412
183,20120701,0.0808333333333333
184,20120702,0.16002380952381
185,20120703,0.0821348314606742
186,20120704,0.124878257155062
187,20120705,0.383916043703278
188,20120706,0.0263636363636364
189,20120707,0.134053208137715
190,20120708,0.019762962962963
191,20120709,0
192,20120710,0
193,20120711,0.0223780487804878
194,20120713,0.131666666666667
195,20120714,0.167681992337165
196,20120715,0.136987179487179
197,20120716,0.210196982397318
198,20120717,0.110989632422243
199,20120718,0.286049382716049
200,20120719,0.189083094555874
201,20120720,0.0934358974358974
202,20120721,0.239275362318841
203,20120722,0.0141176470588235
204,20120723,0.0886036363636364
205,20120724,0.517039934129271
206,20120725,0.087086129753915
207,20120726,0.0584444444444444
208,20120727,0.244137634408602
209,20120728,0.06521
210,20120729,0.316592417061611
211,20120730,0.0962032710280374
212,20120731,0.0709821428571429
213,20120801,0.051
214,20120802,0.199334365325077
215,20120803,0.0874
216,20120804,0.0851237623762376
217,20120805,0.387159663865546
218,20120806,0.447085220255249
219,20120807,0
220,20120808,0.01
221,20120809,0.0703496503496504
222,20120810,0.693349875930521
223,20120811,0.830195426195426
224,20120812,0.39581881533101
225,20120813,0.364157894736842
226,20120814,0.0358
227,20120815,0.206776315789474
228,20120816,0.589319055464031
229,20120817,0.312945563012677
230,20120818,0.181397621070518
231,20120819,0.0158666666666667
232,20120820,0.01
233,20120821,0.0382794117647059
234,20120822,0.01
235,20120823,0.116440677966102
236,20120824,0.0693187347931873
237,20120825,0.0484210526315789
238,20120826,0.166711956521739
239,20120827,0.0994736842105263
240,20120828,0.435121549237742
241,20120829,0.125132048536759
242,20120830,0.01
243,20120831,0
244,20120901,0.181920600858369
245,20120902,0.0506216696269982
246,20120903,0.063411131059246
247,20120904,0.109368983957219
248,20120905,0.852910662824207
249,20120906,0.0566223698781838
250,20120907,0.336967509025271
251,20120908,0.131864406779661
252,20120909,0.696805269658296
253,20120910,0.0465863453815261
254,20120911,0
255,20120912,0
256,20120913,0
257,20120914,0
258,20120915,0.0432422586520947
259,20120916,0.0225210084033613
260,20120917,0
261,20120918,0.164907407407407
262,20120919,1.87414573898724
263,20120920,0.0201408450704225
264,20120921,0.01
265,20120922,0.0253225806451613
266,20120923,0.369401673640167
267,20120924,0.0283333333333333
268,20120925,0.038978102189781
269,20120926,0.0514205128205128
270,20120927,0.0663396971691903
271,20120929,0.442590609555189
272,20120930,0.0175892857142857
273,20121001,0.367999150382328
274,20121002,0.0537205081669691
275,20121003,0.100572274296991
276,20121004,0.107733031674208
277,20121005,0.223268514687629
278,20121006,0.0434242424242424
279,20121007,0.0880263157894737
280,20121008,0.191037463976945
281,20121009,0.0118965517241379
282,20121010,0.0141050119331742
283,20121011,0.178500823723229
284,20121012,0.0546478060046189
285,20121013,0.026685641998735
286,20121014,0.225278934221482
287,20121015,0.0562472406181015
288,20121016,0.270730499380933
289,20121017,0.0215573770491803
290,20121018,0.01
291,20121019,0.134912621359223
292,20121020,1.13415397282832
293,20121021,0.134065315315315
294,20121022,0.0279224376731302
295,20121023,0
296,20121024,0.096953125
297,20121025,0.0105
298,20121026,0
299,20121027,0
300,20121028,0
301,20121029,0.0367909090909091
302,20121030,1.40449979415397
303,20121031,0.471576557985968
304,20121101,0.0540163325909428
305,20121102,0.0493825042881647
306,20121103,0.027883008356546
307,20121104,0.0355048859934853
308,20121105,0.01
309,20121106,0.0193953488372093
310,20121107,0
311,20121108,0.144190365641323
312,20121109,0.188830818965517
313,20121110,0.0146153846153846
314,20121111,0.0186708860759494
315,20121112,0.0164102564102564
316,20121113,0.221902481497606
317,20121114,0.191337999176616
318,20121115,0
319,20121116,0
320,20121117,0
321,20121118,0
322,20121119,0
323,20121120,0
324,20121121,0.01
325,20121122,0
326,20121123,0
327,20121124,0.0423344797936371
328,20121125,0.0365581773799837
329,20121126,0.0216085790884719
330,20121127,0.0157278481012658
331,20121128,0.0718936877076412
332,20121129,0.018046511627907
333,20121130,0.0658372456964006
334,20121201,0.0509045226130653
335,20121202,0.0400309119010819
336,20121203,0.242593659942363
337,20121204,0.01
338,20121205,0.227584501236603
339,20121206,0.0221328671328671
340,20121207,0.01
341,20121208,0.185346420323326
342,20121209,0.0701261034047919
343,20121210,0.266838205022643
344,20121211,0.345733113673806
345,20121212,0.0115789473684211
346,20121213,0.012156862745098
347,20121214,0.0619626168224299
348,20121215,0.0473684210526316
349,20121216,0.01
350,20121217,0.324853849320708
351,20121218,0.551313297653355
352,20121219,0.454788381742739
353,20121220,0.0661511216056671
354,20121221,0.234923836969946
355,20121222,1.01311239193084
356,20121223,0.0831455961653685
357,20121224,0.0274246987951807
358,20121225,0.0556761904761905
359,20121226,0.0620997375328084
360,20121227,0.454421572663648
361,20121228,0.384870317002882
362,20121229,0.02
363,20121230,0.260386990531083
364,20130101,0.0357571623465211
365,20130102,0.0147619047619048
366,20130103,0.013859649122807
367,20130104,0.0201123595505618
368,20130105,0.0452695417789757
369,20130106,0.047002624671916
370,20130107,0.0508151735270379
371,20130108,0
372,20130109,0.01
373,20130110,0.051396942540854
374,20130111,0.01
375,20130112,0.112606537029375
376,20130113,0.0119072164948454
377,20130114,0.0350210378681627
378,20130115,0.0375757575757576
379,20130116,0.157172177879133
380,20130117,0.175940224159402
381,20130118,0.01475
382,20130119,0.0465172955974843
383,20130120,0.0466471277842907
384,20130121,0.0364070680628272
385,20130122,0.0158791208791209
386,20130123,0.0181818181818182
387,20130124,0
388,20130125,0
389,20130126,0.0235180055401662
390,20130127,0.01
391,20130128,0
392,20130129,0.174862083161795
393,20130130,0.129508061182307
394,20130131,0.774396871140387
395,20130201,0.184905183312263
396,20130202,0.0281118881118881
397,20130203,0.0105607476635514
398,20130204,0.01
399,20130205,0.0170588235294118
400,20130206,0.0202202643171806
401,20130207,0.0171674876847291
402,20130208,0.0434393063583815
403,20130209,0.726088925483738
404,20130210,0.125175627240143
405,20130211,0.0319653179190751
406,20130212,0.178114450391107
407,20130213,0.0234042553191489
408,20130214,0.0497706422018349
409,20130215,0.0203603603603604
410,20130216,0.0738126463700234
411,20130217,0.0602923076923077
412,20130218,0.0705661881977672
413,20130219,0
414,20130220,0.292568958419103
415,20130221,0.0347961165048544
416,20130222,0.0296401515151515
417,20130223,0.0735521235521236
418,20130224,0.162306418219462
419,20130225,0.210767960363336
420,20130226,0.0147058823529412
421,20130227,0.303283922462942
422,20130228,0.468806093042404
423,20130301,0.0503944020356234
424,20130302,0.0337011294526499
425,20130303,0.0927227966518956
426,20130304,0.0286059351276743
427,20130305,0.0519820359281437
428,20130306,0.0312573099415205
429,20130307,0.0561071789686552
430,20130308,0.287718223583461
431,20130309,0.14885380919698
432,20130310,0
433,20130311,0.0281707317073171
434,20130312,0.0831701972242513
435,20130313,0.923054755043228
436,20130314,0.0464634146341463
437,20130315,0.027935368043088
438,20130316,0.0729419113054341
439,20130317,0.01
440,20130318,0
441,20130319,0.245574310415809
442,20130320,0.487896253602305
443,20130321,0.0479831932773109
444,20130322,0.0192926045016077
445,20130323,0.0609064039408867
446,20130324,0.0406785714285714
447,20130325,0
448,20130326,0.0297225891677675
449,20130327,0.0325433526011561
450,20130328,0.0569750656167979
451,20130329,0.0235168738898757
452,20130330,0.0256122448979592
453,20130331,0
454,20130401,0.28685878962536
455,20130402,0.106778063410454
456,20130403,0.0264044943820225
457,20130404,0.0189189189189189
458,20130405,0.0157142857142857
459,20130406,0.023516295025729
460,20130407,0.0301466275659824
461,20130408,0.0369187675070028
462,20130409,0.232671881432688
463,20130410,0.266397694524496
464,20130411,0.231507370423205
465,20130412,0.120838037342597
466,20130413,0.431128036228901
467,20130414,0.0641284403669725
468,20130415,0.0471266968325792
469,20130416,0.0118130630630631
470,20130417,0.127695182724252
471,20130418,0.012
472,20130419,0.0515413070283601
473,20130420,0.659950596953479
474,20130421,0.0263843648208469
475,20130422,0
476,20130423,0
477,20130424,0.01
478,20130425,0.0561702127659574
479,20130426,0.0171084337349398
480,20130427,0.0327076411960133
481,20130428,0
482,20130429,0.0143076923076923
483,20130430,0.0464922206506365
484,20130501,0
485,20130502,0
486,20130503,0.017827380952381
487,20130504,0
488,20130505,0
489,20130506,0.01
490,20130507,0.01
491,20130509,0.235908523908524
492,20130510,0.14590977443609
493,20130511,0.12090681153364
494,20130512,0.272034596375618
495,20130513,0.111287386215865
496,20130514,0.02115
497,20130515,0.01
498,20130516,0.102195222405272
499,20130517,0.0198019801980198
500,20130518,0.0102777777777778
501,20130519,0.0425252525252525
502,20130520,0.262951832029642
503,20130521,0.172402799377916
504,20130522,1.03909427748044
505,20130523,0.209293960923623
506,20130524,0.676480032935364
507,20130525,0.705438452037876
508,20130526,0.696817620419926
509,20130527,0.0768512898330804
510,20130528,0
511,20130529,0.138570190641248
512,20130530,0.333289419514203
513,20130531,0.105
514,20130601,0.118829268292683
515,20130603,0.575582544256896
516,20130604,0.0859433962264151
517,20130605,0.0101020408163265
518,20130606,0.0109433962264151
519,20130607,0.185423871784057
520,20130608,1.22454508027995
521,20130609,0.0163453389830508
522,20130610,0.0216911764705882
523,20130611,0.781626183614656
524,20130612,0.485870728694936
525,20130613,0.0457064846416382
526,20130614,0.952574132492114
527,20130615,0.0471638141809291
528,20130616,0.01
529,20130617,0.123457019171305
530,20130618,0.165114372032801
531,20130619,0.0995755517826825
532,20130620,0
533,20130621,0
534,20130622,0.0382710280373832
535,20130623,0.219177135678392
536,20130624,0.406541666666667
537,20130625,0.228295803480041
538,20130626,0.289706783369803
539,20130627,0.354954819277108
540,20130628,0.604236311239193
541,20130629,0.439555649597969
542,20130630,0.35882703777336
543,20130701,0.234145026947575
544,20130702,0.695496088925484
545,20130703,0.354965
546,20130704,0.360971128608924
547,20130705,0.280028037383178
548,20130706,0.227524143985953
549,20130707,0.0418181818181818
550,20130708,0.296678765880218
551,20130709,0.421776927282668
552,20130710,0.187838479809976
553,20130711,0.362788580885395
554,20130712,0.155365079365079
555,20130713,0.0174561403508772
556,20130714,0.0529496402877698
557,20130715,0.126741573033708
558,20130716,0
559,20130717,0.0818343195266272
560,20130718,0.388123603871929
561,20130719,0.302958477508651
562,20130720,0.15998361551065
563,20130721,0.109730392156863
564,20130722,0.120355731225296
565,20130723,0.829275421984356
566,20130724,0.506126604692342
567,20130725,0.0742140468227425
568,20130726,0.121109785202864
569,20130727,0.0733665008291874
570,20130728,0.115898305084746
571,20130729,0.190609857978279
572,20130730,0.389166011014949
573,20130731,0
574,20130801,0.01
575,20130802,0.31492795389049
576,20130803,0.181311653116531
577,20130804,0.0709533678756477
578,20130805,0.127777225261064
579,20130806,0.01
580,20130807,0.01
581,20130808,0.076808
582,20130809,0.425997521685254
583,20130810,0.86245780156443
584,20130811,0.0111111111111111
585,20130812,0.01
586,20130813,0.0794881170018282
587,20130814,0.518040051129101
588,20130815,0.0495443645083933
589,20130816,0
590,20130817,0.0750966183574879
591,20130818,0
592,20130819,0.0175
593,20130820,0.012
594,20130821,0.0209230769230769
595,20130822,0.01
596,20130823,0.145114155251142
597,20130824,0
598,20130825,0
599,20130826,0.092273127753304
600,20130827,0.535985401459854
601,20130828,0.0919417475728155
602,20130829,0.471640543364681
603,20130830,0.0921410579345088
604,20130831,0.178660585693711
605,20130901,0.340348605577689
606,20130902,0.703713572023314
607,20130903,0.522651296829971
608,20130904,0.0590315789473684
609,20130905,0.050671256454389
610,20130906,0.0253571428571429
611,20130907,0.01
612,20130908,0.0635145631067961
613,20130909,0.0405103969754253
614,20130910,0.0243107769423559
615,20130911,0.183952551477171
616,20130912,0.391833616298812
617,20130913,0.996920543433512
618,20130914,0.308940639269406
619,20130915,0.0836378737541528
620,20130916,0.0595955369595537
621,20130917,0.0213204508856683
622,20130918,0
623,20130919,0
624,20130920,0
625,20130921,0
626,20130922,0.685689584191025
627,20130923,0.059117199391172
628,20130924,0.0146153846153846
629,20130925,0.0224418604651163
630,20130926,0
631,20130927,0
632,20130928,0
633,20130929,0
634,20130930,0
635,20131001,0
636,20131002,0
637,20131003,0
638,20131004,0.0702783300198807
639,20131005,0.163744911804613
640,20131006,0.182003910068426
641,20131007,0.161678230702515
642,20131008,0.608464388637299
643,20131009,0
644,20131010,0
645,20131011,0.02
646,20131012,0
647,20131013,0
648,20131014,0.015
649,20131015,0.0671465968586387
650,20131016,0
651,20131017,0.140719874804382
652,20131018,0.284348184818482
653,20131019,0.01
654,20131020,0.0487738419618529
655,20131021,0.01
656,20131022,0.0249638989169675
657,20131023,0.0726815377313716
658,20131024,0.0171283783783784
659,20131025,0.0269670710571924
660,20131026,0.01
661,20131027,0.0349348441926346
662,20131028,0.0142441860465116
663,20131029,0.0180988593155894
664,20131030,0.0419101123595506
665,20131031,0.0272713178294574
666,20131101,0.609654178674352
667,20131102,0.259407163441746
668,20131103,0.0583031988873435
669,20131104,0.012
670,20131105,0
671,20131106,0
672,20131107,0.0951056338028169
673,20131108,0.194660354055167
674,20131109,0.0142643923240938
675,20131110,0.0755421166306696
676,20131111,0.051914172783738
677,20131112,0.052425068119891
678,20131113,0.0136293436293436
679,20131114,0
680,20131116,0.0167067307692308
681,20131117,0.01
682,20131118,0.427822149032524
683,20131119,0.106311881188119
684,20131120,0.0310663507109005
685,20131121,0
686,20131122,0.056536523929471
687,20131123,0.0767799419809366
688,20131124,0.0372382671480144
689,20131125,0.0256603773584906
690,20131126,0.0808227848101266
691,20131127,1.13411692054343
692,20131128,0.935685467270482
693,20131129,0.0118181818181818
694,20131130,0
695,20131201,0.039452380952381
696,20131202,0.107326035965598
697,20131203,0.0487868852459016
698,20131204,0.01
699,20131205,0.0139259259259259
700,20131206,0.185667915106117
701,20131207,0.178334821428571
702,20131208,0.01
703,20131209,0.0421149083704804
704,20131210,0.104368800721371
705,20131211,0.0473793103448276
706,20131212,0.0294416607015032
707,20131213,0.014
708,20131214,0.0359125475285171
709,20131215,0.752009057225196
710,20131216,0.100507963839862
711,20131217,0
712,20131218,0.164989473684211
713,20131219,0.0302626641651032
714,20131220,0.0293536121673004
715,20131221,0.116392857142857
716,20131222,0.408417564208782
717,20131223,0.119296187683284
718,20131224,0.263116508851379
719,20131225,0.0172619047619048
720,20131226,0.0253619528619529
721,20131227,0.0940536912751678
722,20131228,0.0221541950113379
723,20131229,0.012089552238806
724,20131230,0.73685878962536
725,20131231,0.01
726,20140101,0.0226057906458797
727,20140102,0.0837109144542773
728,20140103,0.32754356846473
729,20140104,0.0138315217391304
730,20140105,0.0108139534883721
731,20140106,0.409468917249897
732,20140107,0.533565253190613
733,20140108,0.01
734,20140109,0
735,20140110,0.0539016393442623
736,20140111,0.0996165068778658
737,20140112,0.831922601893783
738,20140113,0.0244171779141104
739,20140114,0.0648450946643718
740,20140115,0.597513379991766
741,20140116,0.0422469982847341
742,20140117,0.0379585152838428
743,20140118,0.0179381443298969
744,20140119,0.168050893340552
745,20140120,0.0455957161981258
746,20140121,0.0581369047619048
747,20140122,0.0386850152905199
748,20140123,0
749,20140124,0
750,20140125,0.0699019607843137
751,20140126,0.0747506172839506
752,20140127,0.0167285587975243
753,20140128,0.0453780378037804
754,20140129,0.0152173913043478
755,20140130,0
756,20140131,0.0747115384615385
757,20140201,0.0128571428571429
758,20140202,0.194817831118731
759,20140203,0.0401275510204082
760,20140204,0.162118226600985
761,20140205,0.237632770687526
762,20140206,0.423989296006587
763,20140207,0
764,20140208,0.01
765,20140209,0.013219512195122
766,20140210,0.0487645687645688
767,20140211,0.01
768,20140212,0
769,20140213,0.0444663382594417
770,20140214,1.12929188966653
771,20140215,0.0683201581027668
772,20140216,0.0895186684660369
773,20140217,0.0207821229050279
774,20140218,0.0101626016260163
775,20140219,0.289715932482503
776,20140220,0.222141089108911
777,20140221,0.387186147186147
778,20140222,0.321679703581721
779,20140223,0.0107518796992481
780,20140224,0.0431791907514451
781,20140225,0.0314957264957265
782,20140226,0.0248453608247423
783,20140227,0.0212293144208038
784,20140228,0.0212508544087491
785,20140301,0
786,20140302,0.0279608650875386
787,20140303,0.0189208633093525
788,20140304,0
789,20140305,0.0253589743589744
790,20140306,0.0236016096579477
791,20140307,0.01
792,20140308,0.01
793,20140309,0.0101428571428571
794,20140310,0.0483439086294416
795,20140311,0.118454452405322
796,20140312,0.0488700195950359
797,20140313,0.996974063400576
798,20140314,0.0496745762711864
799,20140315,0.0280150753768844
800,20140316,0.0492733188720174
801,20140317,0.01
802,20140318,0.01
803,20140319,0
804,20140320,0.655067929188967
805,20140321,0.080807560137457
806,20140322,0.0171186440677966
807,20140323,0.0939950474618242
808,20140324,0.0127142857142857
809,20140325,0
810,20140326,0
811,20140327,0.0166257668711656
812,20140328,0.0636937901498929
813,20140329,0.260897488678469
814,20140330,1.05823795800741
815,20140331,0.393670146137787
816,20140401,0.103112033195021
817,20140402,0
818,20140403,0
819,20140404,0.0214678899082569
820,20140405,0.366838205022643
821,20140406,0.0282449494949495
822,20140407,0
823,20140408,0.434417455743104
824,20140409,0.0565416666666667
825,20140410,0.01
826,20140411,0.0533225178455548
827,20140412,0.13065664160401
828,20140413,0.107909709338281
829,20140414,0.197261716692996
830,20140415,0.0439914772727273
831,20140416,0.975566076574722
832,20140417,0
833,20140418,0
834,20140419,0.0267037037037037
835,20140420,0.018
836,20140421,0.01025
837,20140422,0.0244230769230769
838,20140423,0.124723369116433
839,20140424,0.0815219123505976
840,20140425,0
841,20140426,0.28712890625
842,20140427,0.233421160971593
843,20140428,0.0493446327683616
844,20140429,0.0350656167979003
845,20140430,0.1648
846,20140501,0.699682997118156
847,20140502,0.139140350877193
848,20140503,0.0518548387096774
849,20140504,0.193665421336654
850,20140505,0.158624641833811
851,20140506,0.02208
852,20140507,0.0286624203821656
853,20140508,0
854,20140509,0.118174872665535
855,20140510,0.145600907029478
856,20140511,0.0714875283446712
857,20140512,0
858,20140513,0.0240318906605923
859,20140514,0.0779122257053292
860,20140515,0.038
861,20140516,0.0622971114167813
862,20140517,0.998830794565665
863,20140518,0.378723628691983
864,20140519,0.112128146453089
865,20140520,0.180679494888755
866,20140521,0.0189473684210526
867,20140522,0.0428939828080229
868,20140523,0.278066898349262
869,20140524,0.239273684210526
870,20140525,0.184081724292771
871,20140526,0.0805636540330418
872,20140527,0.271176084099869
873,20140528,0.50002510460251
874,20140529,0.040075026795284
875,20140530,0
876,20140531,0.219234927234927
877,20140601,0.044728370221328
878,20140602,0
879,20140603,0
880,20140604,0.326843198338525
881,20140605,0.101802536231884
882,20140606,0.0990545050055617
883,20140607,0.0241232227488152
884,20140608,0.0335294117647059
885,20140609,0.0837903225806452
886,20140610,0.0491064533921677
887,20140611,0.0725581395348837
888,20140612,0.18936406316688
889,20140613,0.360881863560732
890,20140614,0.645660765747221
891,20140615,0.0518072289156627
892,20140616,0
893,20140617,0.0377142857142857
894,20140618,0.346893123446562
895,20140619,0.0537577639751553
896,20140620,0.023206106870229
897,20140621,0
898,20140622,0
899,20140623,0.01
900,20140624,0.0196938775510204
901,20140625,0.0992622950819672
902,20140626,1.51003293536435
903,20140627,0.0423148148148148
904,20140628,0.0116666666666667
905,20140629,0
906,20140630,0.01
907,20140701,0.0710869565217391
908,20140702,0.100108024691358
909,20140703,0.514045226130653
910,20140704,0.766125977768629
911,20140705,0.721777108433735
912,20140706,0.0393785310734463
913,20140707,0.010625
914,20140708,0.261626632954067
915,20140709,0.234074237737517
916,20140710,0.202269076305221
917,20140711,0.01
918,20140712,0.01
919,20140713,0.054341252699784
920,20140714,0.262112676056338
921,20140715,0.11322192513369
922,20140716,0.887739810621655
923,20140717,0.145216595485052
924,20140718,0.073125
925,20140719,0
926,20140720,0.0375525812619503
927,20140721,0.0362765957446809
928,20140722,0.01
929,20140723,0
930,20140724,0.802321943186497
931,20140725,0
932,20140726,0.01
933,20140727,0.0628605200945627
934,20140728,0.7039810621655
935,20140729,0.981167973586463
936,20140730,0
937,20140731,0.0280213903743316
938,20140801,0.190423076923077
939,20140802,0.179519230769231
940,20140803,0.154329411764706
941,20140804,0.252847896440129
942,20140805,0.109721283783784
943,20140806,0.273102127659574
944,20140807,0.107063129002745
945,20140808,0.141215846994536
946,20140809,0.0819543147208122
947,20140810,0.0315469613259668
948,20140811,0.147804014167651
949,20140812,0.0656349206349206
950,20140813,0.111976976976977
951,20140814,1.54116097159325
952,20140815,0.0357464788732394
953,20140816,0.0318925831202046
954,20140817,0.0776047904191617
955,20140818,0.108327272727273
956,20140819,0.01
957,20140820,0
958,20140821,0.310493685419059
959,20140822,0.376292682926829
960,20140823,0.076039886039886
961,20140824,0.01625
962,20140825,0
963,20140826,0.012089552238806
964,20140827,0.0458064516129032
965,20140828,0.19242774566474
966,20140829,0
967,20140830,0
968,20140831,0.119451697127937
969,20140901,0.187200728265817
970,20140902,0.115313432835821
971,20140903,0.375879287885367
972,20140904,0
973,20140905,0.0115
974,20140906,0.04
975,20140907,0.183033562822719
976,20140908,0
977,20140909,0.0744941176470588
978,20140910,0
979,20140911,0.0365315315315315
980,20140912,0.08833608815427
981,20140913,0
982,20140914,0.162348578491965
983,20140916,0.130780441937
984,20140917,0.0434310850439883
985,20140918,0.0253658536585366
986,20140919,0.0325316455696203
987,20140920,0
988,20140921,0.320716981132075
989,20140922,0.0880149253731343
990,20140923,0.02
991,20140924,0.01
992,20140925,0
993,20140926,0.0295886075949367
994,20140927,0.01
995,20140928,0
996,20140929,0
997,20140930,0.011
998,20141001,0.0538520408163265
999,20141002,0.104454303460515
1000,20141003,0.0116666666666667
1001,20141004,0.0385924932975871
1002,20141005,0.45505969534788
1003,20141006,0.0125925925925926
1004,20141007,0.0518057285180573
1005,20141008,0.432899628252788
1006,20141009,0.095605749486653
1007,20141010,0.0323896103896104
1008,20141011,0.0696825396825397
1009,20141012,0.0939176626826029
1010,20141013,0
1011,20141014,0.0110204081632653
1012,20141015,0.0372519083969466
1013,20141016,0.510231916068471
1014,20141017,0.965766362883181
1015,20141018,0.0683203125
1016,20141019,0.1601875
1017,20141020,0.025531914893617
1018,20141021,0.0533714939896966
1019,20141022,0.362421052631579
1020,20141023,0.672985996705107
1021,20141024,0.981013179571664
1022,20141025,0.0305575117370892
1023,20141026,0.118300554715078
1024,20141027,0.0344435418359058
1025,20141028,0.0628985507246377
1026,20141029,0.0450206003531489
1027,20141030,0.116723331916702
1028,20141031,0.0127322404371585
1029,20141101,0.040682261208577
1030,20141102,0.106471153846154
1031,20141103,0.0908571428571429
1032,20141104,0
1033,20141105,0.0581832543443918
1034,20141106,0.0167213114754098
1035,20141107,0.277416149068323
1036,20141108,0.0452544613350958
1037,20141109,0.0127272727272727
1038,20141110,0.01
1039,20141111,0.0105
1040,20141112,0.02
1041,20141113,0.0511336898395722
1042,20141114,0.100393305439331
1043,20141115,0.02121875
1044,20141116,0.01
1045,20141117,0.181741071428571
1046,20141118,0.61124742692466
1047,20141119,0.0242337662337662
1048,20141120,0.0125118483412322
1049,20141121,0.024952380952381
1050,20141122,0.0175918367346939
1051,20141123,0.0785602879424115
1052,20141124,0.245089546022491
1053,20141125,0.292153846153846
1054,20141126,0.01
1055,20141127,0.951634417455743
1056,20141128,0.0213771781899944
1057,20141129,0.018991935483871
1058,20141130,0.0179395085066163
1059,20141201,0.0264358974358974
1060,20141202,0.0145
1061,20141203,0.403536434746809
1062,20141204,0.040127959053103
1063,20141205,0.0237175792507205
1064,20141206,0.34342939481268
1065,20141207,0.517982708933718
1066,20141208,0
1067,20141209,0.0280213903743316
1068,20141210,1.23631535611363
1069,20141211,0.53875257307534
1070,20141212,0.0707935800267499
1071,20141213,0.0645537237066515
1072,20141214,0.0620360824742268
1073,20141215,0
1074,20141216,0
1075,20141217,0.214393162393162
1076,20141218,0.385008424599832
1077,20141219,0.026588693957115
1078,20141220,0.01
1079,20141221,0.0121848739495798
1080,20141222,0.014501246882793
1081,20141223,0.117850082372323
1082,20141224,0.231553358055212
1083,20141225,0.558674351585014
1084,20141226,0.0628845184064549
1085,20141227,0
1086,20141228,0.190556252613969
1087,20141229,0.058062015503876
1088,20141230,0
1089,20141231,0
1090,20150101,0.01
1091,20150102,0.0217448680351906
1092,20150103,0.0254661016949153
1093,20150104,0.661593248250309
1094,20150105,0.119001393404552
1095,20150106,0.0182554517133956
1096,20150107,0.0194862036156042
1097,20150108,0.024176245210728
1098,20150109,0.0617451381780962
1099,20150110,0.0375761904761905
1100,20150111,0.015
1101,20150112,0.0548594594594595
1102,20150113,0.166626506024096
1103,20150114,0
1104,20150115,0
1105,20150116,0.0345430809399478
1106,20150117,0.0297361111111111
1107,20150118,0
1108,20150119,1.11667636061487
1109,20150120,0.0442203742203742
1110,20150121,0
1111,20150122,0.0104477611940299
1112,20150123,0
1113,20150124,0.0665558397271952
1114,20150125,0.111834592779177
1115,20150126,0.0204644808743169
1116,20150127,0.164099821746881
1117,20150128,0.42504362276693
1118,20150129,0.0111428571428571
1119,20150130,0.105562105263158
1120,20150131,0.170658882402002
1121,20150201,0.015678391959799
1122,20150202,0.233776683087028
1123,20150203,0.47200664727877
1124,20150204,0.01
1125,20150205,0.102750524109015
1126,20150206,0.0397010463378176
1127,20150207,0.0403859060402685
1128,20150208,0.110173508252222
1129,20150209,0.362010801828002
1130,20150210,0.226177237185056
1131,20150211,0
1132,20150212,0.0196377952755905
1133,20150213,0.0366575591985428
1134,20150214,0
1135,20150215,0.222210220191109
1136,20150216,0.0228907168037603
1137,20150217,0
1138,20150218,0.0107317073170732
1139,20150219,0.122746899402848
1140,20150220,0.0491947898164594
1141,20150221,0
1142,20150222,0.231071873701703
1143,20150223,0.0203494623655914
1144,20150224,0
1145,20150225,0.0115151515151515
1146,20150226,0.0120754716981132
1147,20150227,0.0161417322834646
1148,20150228,0
1149,20150301,0
1150,20150302,0.0955489361702128
1151,20150303,0.0431019202363368
1152,20150304,0.236007478188617
1153,20150305,0.0349216300940439
1154,20150306,0.020948275862069
1155,20150307,0
1156,20150308,0.0207894736842105
1157,20150309,0.0279148936170213
1158,20150310,0.0287560975609756
1159,20150311,0.0459496124031008
1160,20150312,0.0459499431171786
1161,20150313,0.01
1162,20150314,0.0226666666666667
1163,20150315,0.288773388773389
1164,20150316,0.0997604422604423
1165,20150317,0.0371967963386728
1166,20150318,0.0532776523702032
1167,20150319,0
1168,20150320,0
1169,20150321,0.0661221945137157
1170,20150322,0.0643487738419619
1171,20150323,0.01
1172,20150324,0
1173,20150325,0
1174,20150326,0.0578642257818459
1175,20150327,0.482937266306606
1176,20150328,0.0207722772277228
1177,20150329,0.0434754521963824
1178,20150330,0.0118367346938776
1179,20150331,0.0584543761638734
1180,20150401,0.0529230769230769
1181,20150402,0
1182,20150403,0.0324428179322964
1183,20150404,0.17557540506855
1184,20150405,0.100320781032078
1185,20150406,0.0266666666666667
1186,20150407,0.194433249370277
1187,20150408,0.135615079365079
1188,20150409,0.403801412546739
1189,20150410,0.27448275862069
1190,20150411,0.139169491525424
1191,20150412,0
1192,20150413,0
1193,20150414,0.0387307297019527
1194,20150415,0.0396551724137931
1195,20150416,0
1196,20150417,0.0766265060240964
1197,20150418,0.0548508946322068
1198,20150419,0.146507607192255
1199,20150420,0.0544810126582278
1200,20150421,1.1544578313253
1201,20150422,0.109884473197782
1202,20150423,0.314553385957624
1203,20150424,0.0481701553004727
1204,20150425,0.0231159420289855
1205,20150426,0.0266769230769231
1206,20150427,0.0244995571302037
1207,20150428,0.0448534798534799
1208,20150429,0.0234020618556701
1209,20150430,0.0331648351648352
1210,20150501,0.0353024911032028
1211,20150502,0.0133333333333333
1212,20150503,0.0152941176470588
1213,20150504,0.0233070866141732
1214,20150505,0.06286
1215,20150506,0.015974025974026
1216,20150507,0.0214569536423841
1217,20150508,0
1218,20150509,0
1219,20150510,0.0180851063829787
1220,20150511,0.197422577422577
1221,20150512,0.439156272927366
1222,20150513,0.0999388913138368
1223,20150514,0.019364161849711
1224,20150515,0
1225,20150516,0.0766953797963978
1226,20150517,0.0919700748129676
1227,20150518,0
1228,20150519,0.173463312368973
1229,20150520,0.18395048994327
1230,20150521,0.0120652173913043
1231,20150522,0.0187012987012987
1232,20150523,0.0299378881987578
1233,20150524,0.0296153846153846
1234,20150525,0.0377900552486188
1235,20150526,0.0982535736482287
1236,20150527,0.045530303030303
1237,20150528,0.317622673434856
1238,20150529,0.194410666666667
1239,20150530,0
1240,20150531,0.391059721598563
1241,20150601,0.816097159324825
1242,20150602,0.534736408566722
1243,20150603,0.052698986975398
1244,20150604,0
1245,20150605,0.0164835164835165
1246,20150606,0.223027469316189
1247,20150607,0
1248,20150608,0.123488372093023
1249,20150609,0.340746520455504
1250,20150610,0.495253668763103
1251,20150611,0.0425824964131994
1252,20150612,0.02
1253,20150613,0.518083782662796
1254,20150614,0
1255,20150615,0.543621052631579
1256,20150616,0.093390022675737
1257,20150617,0.175247264770241
1258,20150618,0.01
1259,20150619,0.207162162162162
1260,20150620,0.030530303030303
1261,20150621,0.654483326471799
1262,20150622,0.445243010752688
1263,20150623,0.150658174097665
1264,20150624,0.508592013174146
1265,20150625,0.0281679389312977
1266,20150626,0.132494699646643
1267,20150627,0.0548045977011494
1268,20150628,0.780242898312063
1269,20150629,0.396508656224237
1270,20150630,0.0308244680851064
1271,20150701,0.334582601054482
1272,20150702,0.597544883303411
1273,20150703,0
1274,20150704,0.0116666666666667
1275,20150705,0.0980264741275572
1276,20150706,0
1277,20150707,0.02
1278,20150708,0.186364025695931
1279,20150709,0.0263543788187373
1280,20150710,0.327877204441542
1281,20150711,0.02
1282,20150712,0.0393401015228426
1283,20150713,0.0447826086956522
1284,20150714,0.292828467153285
1285,20150715,0.191115288220551
1286,20150716,0.110261780104712
1287,20150717,0
1288,20150718,0.161575278810409
1289,20150719,0.149168526785714
1290,20150720,0.841749397590361
1291,20150721,0.03
1292,20150722,0.19193019566367
1293,20150723,0.0990697674418605
1294,20150724,0.0751747311827957
1295,20150725,0.114815211569363
1296,20150726,0.0747510874818753
1297,20150727,0.128028301886792
1298,20150728,0.211491749174918
1299,20150729,0.134231805929919
1300,20150730,0.139557692307692
1301,20150731,0.2873753605274
1302,20150801,0.0488036809815951
1303,20150802,0.125226480836237
1304,20150803,0.0108333333333333
1305,20150804,0.26793324775353
1306,20150805,0.206457645764576
1307,20150806,0.108772258669166
1308,20150807,0.0214117647058824
1309,20150808,0.03
1310,20150809,0.02
1311,20150810,0.0689873417721519
1312,20150811,0.207067348678602
1313,20150812,0.863919308357349
1314,20150813,0.152620817843866
1315,20150814,0.0955743243243243
1316,20150815,0.212543640897756
1317,20150816,0.266720290607161
1318,20150817,0
1319,20150818,0
1320,20150819,0.232893401015228
1321,20150820,0.134077253218884
1322,20150821,0.318181352459016
1323,20150822,0.254938138784293
1324,20150823,0.0166666666666667
1325,20150824,0.172020202020202
1326,20150825,0.211405023547881
1327,20150826,0.583709834469328
1328,20150827,0.126480686695279
1329,20150828,0.0264634146341463
1330,20150829,0
1331,20150830,0.0646666666666667
1332,20150831,0.0673913043478261
1333,20150901,0
1334,20150902,0.0733333333333333
1335,20150903,0.0248387096774194
1336,20150904,0.152592592592593
1337,20150905,0.01
1338,20150906,0
1339,20150907,0
1340,20150908,0.0841313559322034
1341,20150909,0.140887397464579
1342,20150910,0.181449337323643
1343,20150911,0.711597365170852
1344,20150912,0.0299537037037037
1345,20150913,0.474853849320708
1346,20150914,0.52583368869936
1347,20150915,0.132516370439663
1348,20150916,0
1349,20150917,0
1350,20150918,0
