"","V1","V2","V3","V4"
"1","2011","1","2","273.228311802606"
"2","2011","1","3","273.037543841912"
"3","2011","1","4","270.444544065384"
"4","2011","1","5","270.488278598231"
"5","2011","1","6","269.60748071381"
"6","2011","1","7","268.876384495389"
"7","2011","1","8","269.394698181265"
"8","2011","1","9","269.980130043808"
"9","2011","1","10","267.905327773208"
"10","2011","1","11","267.227498699536"
"11","2011","1","12","268.378628939041"
"12","2011","1","13","269.317904785209"
"13","2011","1","14","269.000056161555"
"14","2011","1","15","268.417458353085"
"15","2011","1","16","268.960653549539"
"16","2011","1","17","268.349350532924"
"17","2011","1","18","266.864064351289"
"18","2011","1","19","269.342309017902"
"19","2011","1","20","269.812211121388"
"20","2011","1","21","269.23929156196"
"21","2011","1","22","268.465803441605"
"22","2011","1","23","267.29791396538"
"23","2011","1","24","265.571382681197"
"24","2011","1","25","265.44282545469"
"25","2011","1","26","267.456653328457"
"26","2011","1","27","268.916588386439"
"27","2011","1","28","269.116490051844"
"28","2011","1","29","269.479768314134"
"29","2011","1","30","269.699522904914"
"30","2011","1","31","268.690596050368"
"31","2011","2","1","267.300978201341"
"32","2011","2","2","268.235107885921"
"33","2011","2","3","268.767750087486"
"34","2011","2","4","268.649843954747"
"35","2011","2","5","268.839083584176"
"36","2011","2","6","270.175208519449"
"37","2011","2","7","270.431879140601"
"38","2011","2","8","270.917858669838"
"39","2011","2","9","269.640783736535"
"40","2011","2","10","268.550088032165"
"41","2011","2","11","267.647414025104"
"42","2011","2","12","267.876100001084"
"43","2011","2","13","268.667326746277"
"44","2011","2","14","270.044419093631"
"45","2011","2","15","269.992823336142"
"46","2011","2","16","266.692581258171"
"47","2011","2","17","269.698390716514"
"48","2011","2","18","272.090600315162"
"49","2011","2","19","272.536294928035"
"50","2011","2","20","268.434249597389"
"51","2011","2","21","268.337456930444"
"52","2011","2","22","266.439197435173"
"53","2011","2","23","266.710165301275"
"54","2011","2","24","267.474581562894"
"55","2011","2","25","270.483326032339"
"56","2011","2","26","270.474732174399"
"57","2011","2","27","269.654684397053"
"58","2011","2","28","269.909133261703"
"59","2011","3","1","270.645572725906"
"60","2011","3","2","270.162070697445"
"61","2011","3","3","268.549197464103"
"62","2011","3","4","266.761562685942"
"63","2011","3","5","269.255681130628"
"64","2011","3","6","272.861335270484"
"65","2011","3","7","274.765990356759"
"66","2011","3","8","273.181015319675"
"67","2011","3","9","272.154730921318"
"68","2011","3","10","272.365955735353"
"69","2011","3","11","274.187072352051"
"70","2011","3","12","274.730519787503"
"71","2011","3","13","274.70458974832"
"72","2011","3","14","273.857181198682"
"73","2011","3","15","273.396997566796"
"74","2011","3","16","273.835229149974"
"75","2011","3","17","274.749898086821"
"76","2011","3","18","277.600387819159"
"77","2011","3","19","276.606156045426"
"78","2011","3","20","275.168747835645"
"79","2011","3","21","274.047445073587"
"80","2011","3","22","274.093834467938"
"81","2011","3","23","274.189583829096"
"82","2011","3","24","273.946087920209"
"83","2011","3","25","273.428346930917"
"84","2011","3","26","272.781799666274"
"85","2011","3","27","271.524490459962"
"86","2011","3","28","270.904019497034"
"87","2011","3","29","271.697848902154"
"88","2011","3","30","273.196222378721"
"89","2011","3","31","274.087088118836"
"90","2011","4","1","273.791318818691"
"91","2011","4","2","274.065538946522"
"92","2011","4","3","275.311770519341"
"93","2011","4","4","275.281236253386"
"94","2011","4","5","277.715352845036"
"95","2011","4","6","275.889192239245"
"96","2011","4","7","276.309516086209"
"97","2011","4","8","277.000164887838"
"98","2011","4","9","277.740731432237"
"99","2011","4","10","279.969747485117"
"100","2011","4","11","283.057332238074"
"101","2011","4","12","285.716504416655"
"102","2011","4","13","279.242059474578"
"103","2011","4","14","280.00598385829"
"104","2011","4","15","279.548062032619"
"105","2011","4","16","277.279691424737"
"106","2011","4","17","277.971380752622"
"107","2011","4","18","278.354686085464"
"108","2011","4","19","279.721939317007"
"109","2011","4","20","279.450574103498"
"110","2011","4","21","279.72350934831"
"111","2011","4","22","277.205422153209"
"112","2011","4","23","277.648983881159"
"113","2011","4","24","281.551977200252"
"114","2011","4","25","283.883473073507"
"115","2011","4","26","285.356633782603"
"116","2011","4","27","289.291233525719"
"117","2011","4","28","289.812529047806"
"118","2011","4","29","286.293423827035"
"119","2011","4","30","283.539261926855"
"120","2011","5","1","282.212791566234"
"121","2011","5","2","282.460815706217"
"122","2011","5","3","285.138908835948"
"123","2011","5","4","285.142743554647"
"124","2011","5","5","280.881552099786"
"125","2011","5","6","279.946250461231"
"126","2011","5","7","283.163361251028"
"127","2011","5","8","284.290750169231"
"128","2011","5","9","283.739225683549"
"129","2011","5","10","282.480524507629"
"130","2011","5","11","283.598085857081"
"131","2011","5","12","284.999727632696"
"132","2011","5","13","286.376893145035"
"133","2011","5","14","286.509548252422"
"134","2011","5","15","285.472792536935"
"135","2011","5","16","284.791430025916"
"136","2011","5","17","283.977932906798"
"137","2011","5","18","285.779472463216"
"138","2011","5","19","287.323682486281"
"139","2011","5","20","288.212984855719"
"140","2011","5","21","287.831173501389"
"141","2011","5","22","287.784607464118"
"142","2011","5","23","287.070583386225"
"143","2011","5","24","288.263840943996"
"144","2011","5","25","289.519958125382"
"145","2011","5","26","289.27743966561"
"146","2011","5","27","292.088539743764"
"147","2011","5","28","292.375684221702"
"148","2011","5","29","291.977832260408"
"149","2011","5","30","292.911292601864"
"150","2011","5","31","291.43830313536"
"151","2011","6","1","292.05537657519"
"152","2011","6","2","289.936959085817"
"153","2011","6","3","284.264576573989"
"154","2011","6","4","284.320982771359"
"155","2011","6","5","286.27718603082"
"156","2011","6","6","288.578680317433"
"157","2011","6","7","290.000305866205"
"158","2011","6","8","291.734912791603"
"159","2011","6","9","294.202841304723"
"160","2011","6","10","292.72536152099"
"161","2011","6","11","289.69491712638"
"162","2011","6","12","286.383925818846"
"163","2011","6","13","287.649631259115"
"164","2011","6","14","286.915287383121"
"165","2011","6","15","286.630268451725"
"166","2011","6","16","288.789663437837"
"167","2011","6","17","289.999635772345"
"168","2011","6","18","289.914380355375"
"169","2011","6","19","289.372343982082"
"170","2011","6","20","287.51993630006"
"171","2011","6","21","289.034931910636"
"172","2011","6","22","290.031873895578"
"173","2011","6","23","290.246337350395"
"174","2011","6","24","289.098955746813"
"175","2011","6","25","287.81727324521"
"176","2011","6","26","289.11537934065"
"177","2011","6","27","290.694782115156"
"178","2011","6","28","292.095172921599"
"179","2011","6","29","293.061534744329"
"180","2011","6","30","290.523359450376"
"181","2011","7","1","288.848406828137"
"182","2011","7","2","290.060482749753"
"183","2011","7","3","291.788082546389"
"184","2011","7","4","292.678620327467"
"185","2011","7","5","293.385821299329"
"186","2011","7","6","292.600019126568"
"187","2011","7","7","292.761800181352"
"188","2011","7","8","290.836034440005"
"189","2011","7","9","292.023711848814"
"190","2011","7","10","290.745991610263"
"191","2011","7","11","291.919072679023"
"192","2011","7","12","294.331097859961"
"193","2011","7","13","293.596703240023"
"194","2011","7","14","290.881341624803"
"195","2011","7","15","289.890701236694"
"196","2011","7","16","290.752250943599"
"197","2011","7","17","292.267521486662"
"198","2011","7","18","293.666317734414"
"199","2011","7","19","293.510043512251"
"200","2011","7","20","292.6662753533"
"201","2011","7","21","294.880785225641"
"202","2011","7","22","297.491352885284"
"203","2011","7","23","295.393806367576"
"204","2011","7","24","294.998977216556"
"205","2011","7","25","292.249995749212"
"206","2011","7","26","291.457846624268"
"207","2011","7","27","291.838970611566"
"208","2011","7","28","291.997367460187"
"209","2011","7","29","293.707388621593"
"210","2011","7","30","293.620367158028"
"211","2011","7","31","292.97399236717"
"212","2011","8","1","293.838799945465"
"213","2011","8","2","293.801846854627"
"214","2011","8","3","291.851893236689"
"215","2011","8","4","292.194368756881"
"216","2011","8","5","293.053227773628"
"217","2011","8","6","293.729848440649"
"218","2011","8","7","293.84652365549"
"219","2011","8","8","293.971764770569"
"220","2011","8","9","292.983325498329"
"221","2011","8","10","292.715700041334"
"222","2011","8","11","291.776566880194"
"223","2011","8","12","290.242507229921"
"224","2011","8","13","290.398455318512"
"225","2011","8","14","291.949527323232"
"226","2011","8","15","291.754814459653"
"227","2011","8","16","290.280957821474"
"228","2011","8","17","290.417443510157"
"229","2011","8","18","291.602297101405"
"230","2011","8","19","293.138034401462"
"231","2011","8","20","292.626972376218"
"232","2011","8","21","292.86462033769"
"233","2011","8","22","292.370305702636"
"234","2011","8","23","288.974362485654"
"235","2011","8","24","288.99352762"
"236","2011","8","25","291.366436118817"
"237","2011","8","26","292.611438574731"
"238","2011","8","27","292.708409143064"
"239","2011","8","28","293.19207277829"
"240","2011","8","29","290.459076825531"
"241","2011","8","30","289.517079735489"
"242","2011","8","31","289.967996148373"
"243","2011","9","1","291.637330972325"
"244","2011","9","2","291.298660537678"
"245","2011","9","3","291.898632398871"
"246","2011","9","4","294.601556678591"
"247","2011","9","5","294.757834467872"
"248","2011","9","6","291.793138412933"
"249","2011","9","7","288.327218020798"
"250","2011","9","8","288.142550954195"
"251","2011","9","9","290.366940829749"
"252","2011","9","10","290.030673940068"
"253","2011","9","11","288.954296969953"
"254","2011","9","12","290.189593848919"
"255","2011","9","13","292.324473962209"
"256","2011","9","14","292.734821009735"
"257","2011","9","15","291.716487980063"
"258","2011","9","16","285.501096732112"
"259","2011","9","17","282.680675783956"
"260","2011","9","18","284.010301068933"
"261","2011","9","19","284.659614178922"
"262","2011","9","20","285.178182670466"
"263","2011","9","21","287.298048092226"
"264","2011","9","22","290.052794891828"
"265","2011","9","23","291.149361769917"
"266","2011","9","24","292.590022783126"
"267","2011","9","25","293.067281005006"
"268","2011","9","26","291.980752982875"
"269","2011","9","27","291.273851637412"
"270","2011","9","28","291.697556226141"
"271","2011","9","29","290.006300395075"
"272","2011","9","30","288.608721899108"
"273","2011","10","1","288.764514349117"
"274","2011","10","2","286.327005452431"
"275","2011","10","3","286.256231982616"
"276","2011","10","4","285.77028565118"
"277","2011","10","5","285.525542860169"
"278","2011","10","6","281.38509162835"
"279","2011","10","7","280.664217260534"
"280","2011","10","8","284.300128926935"
"281","2011","10","9","287.854827781708"
"282","2011","10","10","288.80576079265"
"283","2011","10","11","287.116052256343"
"284","2011","10","12","284.840158442229"
"285","2011","10","13","285.656509431832"
"286","2011","10","14","288.073528368151"
"287","2011","10","15","286.723510484851"
"288","2011","10","16","283.5990283318"
"289","2011","10","17","284.168195774297"
"290","2011","10","18","282.796515992617"
"291","2011","10","19","283.81859357723"
"292","2011","10","20","286.516522059253"
"293","2011","10","21","284.411213559645"
"294","2011","10","22","282.687376230969"
"295","2011","10","23","282.116940551761"
"296","2011","10","24","282.227005775298"
"297","2011","10","25","282.404477700718"
"298","2011","10","26","279.456677181604"
"299","2011","10","27","279.73387981528"
"300","2011","10","28","277.331908011202"
"301","2011","10","29","276.358731605923"
"302","2011","10","30","275.966288941401"
"303","2011","10","31","275.680403213357"
"304","2011","11","1","276.013532210401"
"305","2011","11","2","277.007345483106"
"306","2011","11","3","278.244234327262"
"307","2011","11","4","279.284140007058"
"308","2011","11","5","277.092898694623"
"309","2011","11","6","275.828801403075"
"310","2011","11","7","275.402587063354"
"311","2011","11","8","279.386744959046"
"312","2011","11","9","283.503801204707"
"313","2011","11","10","283.307798610254"
"314","2011","11","11","281.566930196716"
"315","2011","11","12","276.849524120615"
"316","2011","11","13","277.65086975574"
"317","2011","11","14","282.113447709071"
"318","2011","11","15","284.79635132377"
"319","2011","11","16","281.275016735274"
"320","2011","11","17","281.280132431069"
"321","2011","11","18","276.492237175382"
"322","2011","11","19","275.52023779875"
"323","2011","11","20","276.836011496269"
"324","2011","11","21","279.981625868578"
"325","2011","11","22","276.252118862073"
"326","2011","11","23","275.450940179546"
"327","2011","11","24","274.655356171221"
"328","2011","11","25","274.665886752606"
"329","2011","11","26","276.469917450054"
"330","2011","11","27","276.841724716356"
"331","2011","11","28","279.37069218738"
"332","2011","11","29","282.160298993421"
"333","2011","11","30","282.903765118968"
"334","2011","12","1","277.044056519604"
"335","2011","12","2","275.517064660533"
"336","2011","12","3","274.752923418701"
"337","2011","12","4","274.44081327379"
"338","2011","12","5","275.221245073397"
"339","2011","12","6","280.092568941972"
"340","2011","12","7","281.001786609962"
"341","2011","12","8","276.724454819563"
"342","2011","12","9","274.999311864456"
"343","2011","12","10","274.277560395724"
"344","2011","12","11","273.57912439166"
"345","2011","12","12","272.60099483199"
"346","2011","12","13","272.561659096516"
"347","2011","12","14","273.057821822125"
"348","2011","12","15","273.604071932286"
"349","2011","12","16","276.540340637837"
"350","2011","12","17","274.779684890271"
"351","2011","12","18","270.896590144595"
"352","2011","12","19","268.622444261914"
"353","2011","12","20","272.463847739443"
"354","2011","12","21","271.576623417893"
"355","2011","12","22","275.367475421606"
"356","2011","12","23","275.096414373992"
"357","2011","12","24","272.995863403816"
"358","2011","12","25","268.713187857425"
"359","2011","12","26","271.947640278755"
"360","2011","12","27","271.83023513444"
"361","2011","12","28","273.821444528251"
"362","2011","12","29","270.598966041501"
"363","2011","12","30","269.056053803696"
"364","2011","12","31","272.16328293293"
"365","2012","1","1","273.357610301437"
"366","2012","1","2","274.27066096376"
"367","2012","1","3","272.389930574941"
"368","2012","1","4","264.83686449534"
"369","2012","1","5","268.529375289003"
"370","2012","1","6","269.720981526813"
"371","2012","1","7","271.870033915914"
"372","2012","1","8","273.205639319984"
"373","2012","1","9","271.851060727608"
"374","2012","1","10","271.59582429362"
"375","2012","1","11","271.39975822376"
"376","2012","1","12","271.762857971587"
"377","2012","1","13","272.730279355656"
"378","2012","1","14","271.00276838434"
"379","2012","1","15","264.102403137433"
"380","2012","1","16","262.955314856062"
"381","2012","1","17","269.000653353649"
"382","2012","1","18","271.724891232075"
"383","2012","1","19","266.220539738522"
"384","2012","1","20","268.105616560755"
"385","2012","1","21","265.611850393869"
"386","2012","1","22","265.412207694457"
"387","2012","1","23","267.865497357815"
"388","2012","1","24","272.677117031998"
"389","2012","1","25","272.927014850639"
"390","2012","1","26","271.763873559942"
"391","2012","1","27","272.796867205602"
"392","2012","1","28","272.981699166098"
"393","2012","1","29","272.590364026966"
"394","2012","1","30","271.995838831344"
"395","2012","1","31","270.553243746013"
"396","2012","2","1","272.884779777611"
"397","2012","2","2","273.581800907528"
"398","2012","2","3","271.863445508347"
"399","2012","2","4","271.701590711831"
"400","2012","2","5","269.715185342393"
"401","2012","2","6","270.30553138297"
"402","2012","2","7","272.108812962258"
"403","2012","2","8","270.125908418865"
"404","2012","2","9","270.75834122648"
"405","2012","2","10","271.106036954105"
"406","2012","2","11","272.077153865145"
"407","2012","2","12","268.127054771862"
"408","2012","2","13","266.453641314888"
"409","2012","2","14","269.89444849707"
"410","2012","2","15","271.859172503151"
"411","2012","2","16","272.600832600501"
"412","2012","2","17","273.946810677107"
"413","2012","2","18","273.729602391734"
"414","2012","2","19","273.416466213731"
"415","2012","2","20","272.140518813833"
"416","2012","2","21","270.551609577402"
"417","2012","2","22","272.921804185078"
"418","2012","2","23","274.487561825719"
"419","2012","2","24","273.932738222346"
"420","2012","2","25","273.482687690482"
"421","2012","2","26","271.709206582414"
"422","2012","2","27","270.577101656559"
"423","2012","2","28","272.964899615554"
"424","2012","2","29","272.427077898291"
"425","2012","3","1","272.297135793109"
"426","2012","3","2","271.703301939961"
"427","2012","3","3","272.338061560999"
"428","2012","3","4","273.008953156054"
"429","2012","3","5","271.947793992023"
"430","2012","3","6","269.528045607788"
"431","2012","3","7","271.58978646441"
"432","2012","3","8","275.572768155748"
"433","2012","3","9","278.74644116574"
"434","2012","3","10","274.653855198118"
"435","2012","3","11","273.956797023798"
"436","2012","3","12","277.194656980359"
"437","2012","3","13","281.838329767571"
"438","2012","3","14","281.881639988352"
"439","2012","3","15","278.905146617386"
"440","2012","3","16","277.867990858378"
"441","2012","3","17","279.680380842793"
"442","2012","3","18","282.020644151865"
"443","2012","3","19","284.930936591826"
"444","2012","3","20","285.651469052307"
"445","2012","3","21","286.472575958829"
"446","2012","3","22","287.408946941022"
"447","2012","3","23","287.133619961547"
"448","2012","3","24","282.411007539508"
"449","2012","3","25","280.283471117415"
"450","2012","3","26","278.748842093597"
"451","2012","3","27","274.733573886129"
"452","2012","3","28","274.0122063489"
"453","2012","3","29","276.688062762503"
"454","2012","3","30","276.163667373819"
"455","2012","3","31","276.023297643655"
"456","2012","4","1","276.620381247275"
"457","2012","4","2","276.939500288208"
"458","2012","4","3","276.741047717229"
"459","2012","4","4","278.039813617556"
"460","2012","4","5","277.487467469205"
"461","2012","4","6","277.174990931027"
"462","2012","4","7","276.554704079294"
"463","2012","4","8","276.572965162485"
"464","2012","4","9","277.938694515627"
"465","2012","4","10","279.044882986447"
"466","2012","4","11","279.769329918889"
"467","2012","4","12","280.05868664412"
"468","2012","4","13","280.950979957376"
"469","2012","4","14","281.739409276763"
"470","2012","4","15","285.075491862708"
"471","2012","4","16","289.256300839957"
"472","2012","4","17","290.08602097183"
"473","2012","4","18","284.072952790531"
"474","2012","4","19","282.661799465805"
"475","2012","4","20","285.604644528505"
"476","2012","4","21","287.47551135022"
"477","2012","4","22","285.569428842567"
"478","2012","4","23","282.17689334211"
"479","2012","4","24","281.873822969666"
"480","2012","4","25","279.940401295075"
"481","2012","4","26","280.088436510783"
"482","2012","4","27","281.223724799354"
"483","2012","4","28","277.983385843796"
"484","2012","4","29","278.067735075316"
"485","2012","4","30","278.151822920092"
"486","2012","5","1","279.765144724345"
"487","2012","5","2","281.631660594905"
"488","2012","5","3","283.760427556555"
"489","2012","5","4","284.505582982201"
"490","2012","5","5","286.071812653433"
"491","2012","5","6","285.307096260116"
"492","2012","5","7","285.22606174565"
"493","2012","5","8","284.404128731196"
"494","2012","5","9","285.349287130561"
"495","2012","5","10","286.88089634131"
"496","2012","5","11","282.976399865922"
"497","2012","5","12","282.871459321628"
"498","2012","5","13","286.109504983306"
"499","2012","5","14","287.261673048818"
"500","2012","5","15","287.777887924042"
"501","2012","5","16","288.282261710967"
"502","2012","5","17","288.425911579651"
"503","2012","5","18","284.625180310936"
"504","2012","5","19","286.423408425565"
"505","2012","5","20","288.82627246063"
"506","2012","5","21","289.434797403173"
"507","2012","5","22","289.615315333917"
"508","2012","5","23","290.231714785121"
"509","2012","5","24","291.254027069954"
"510","2012","5","25","290.609143360055"
"511","2012","5","26","291.889668701387"
"512","2012","5","27","291.095063620519"
"513","2012","5","28","291.510981470349"
"514","2012","5","29","292.822561015915"
"515","2012","5","30","293.385694366294"
"516","2012","5","31","290.950489465385"
"517","2012","6","1","288.12729751648"
"518","2012","6","2","287.048324098903"
"519","2012","6","3","286.233808475195"
"520","2012","6","4","285.542684698596"
"521","2012","6","5","283.609299978081"
"522","2012","6","6","284.348399392959"
"523","2012","6","7","285.957943073572"
"524","2012","6","8","287.027360909596"
"525","2012","6","9","288.215498543748"
"526","2012","6","10","288.709383234321"
"527","2012","6","11","289.853402458837"
"528","2012","6","12","289.872097129332"
"529","2012","6","13","290.59781604606"
"530","2012","6","14","289.944823076383"
"531","2012","6","15","288.935137275848"
"532","2012","6","16","288.875946444596"
"533","2012","6","17","289.133506638717"
"534","2012","6","18","288.903337297156"
"535","2012","6","19","289.725625734176"
"536","2012","6","20","293.043896058091"
"537","2012","6","21","295.320445458386"
"538","2012","6","22","295.594186531297"
"539","2012","6","23","293.985264896188"
"540","2012","6","24","290.783649439159"
"541","2012","6","25","290.899648135388"
"542","2012","6","26","288.636861018457"
"543","2012","6","27","287.48454262011"
"544","2012","6","28","288.682828375808"
"545","2012","6","29","290.836262396174"
"546","2012","6","30","292.80808115268"
"547","2012","7","1","292.64195417356"
"548","2012","7","2","291.447696176729"
"549","2012","7","3","290.639116265342"
"550","2012","7","4","291.300180224988"
"551","2012","7","5","292.988149666639"
"552","2012","7","6","293.538993722593"
"553","2012","7","7","294.600242586957"
"554","2012","7","8","292.750841419318"
"555","2012","7","9","290.809695098195"
"556","2012","7","10","289.452767022253"
"557","2012","7","11","290.31632727301"
"558","2012","7","12","291.965834474848"
"559","2012","7","13","293.105291913413"
"560","2012","7","14","294.239910068099"
"561","2012","7","15","294.589311032702"
"562","2012","7","16","294.949259391934"
"563","2012","7","17","294.304338991308"
"564","2012","7","18","295.551525866053"
"565","2012","7","19","293.962008608856"
"566","2012","7","20","291.455817541185"
"567","2012","7","21","290.507395908056"
"568","2012","7","22","291.703445911602"
"569","2012","7","23","293.360567405512"
"570","2012","7","24","294.784542788081"
"571","2012","7","25","292.319327387436"
"572","2012","7","26","290.969751385174"
"573","2012","7","27","291.995782590772"
"574","2012","7","28","292.159929047203"
"575","2012","7","29","293.037002276342"
"576","2012","7","30","292.885383225393"
"577","2012","7","31","293.626540108066"
"578","2012","8","1","293.424877196923"
"579","2012","8","2","294.498356344085"
"580","2012","8","3","295.211889214519"
"581","2012","8","4","295.625812290476"
"582","2012","8","5","296.139529658998"
"583","2012","8","6","295.291003726785"
"584","2012","8","7","292.776815752574"
"585","2012","8","8","292.715608802982"
"586","2012","8","9","294.306440588393"
"587","2012","8","10","294.915863468262"
"588","2012","8","11","294.079121782932"
"589","2012","8","12","294.694097645474"
"590","2012","8","13","294.244071737451"
"591","2012","8","14","293.137283389662"
"592","2012","8","15","293.682710696612"
"593","2012","8","16","293.818632722189"
"594","2012","8","17","292.507409396226"
"595","2012","8","18","292.845756085667"
"596","2012","8","19","290.603691177255"
"597","2012","8","20","290.210536944518"
"598","2012","8","21","291.379643717809"
"599","2012","8","22","290.438988304093"
"600","2012","8","23","291.269223692441"
"601","2012","8","24","292.192432649816"
"602","2012","8","25","293.031087074972"
"603","2012","8","26","293.117304146403"
"604","2012","8","27","292.539845116715"
"605","2012","8","28","293.235170134381"
"606","2012","8","29","291.016789081172"
"607","2012","8","30","288.636495956731"
"608","2012","8","31","290.756799302317"
"609","2012","9","1","293.195638786183"
"610","2012","9","2","292.079852800986"
"611","2012","9","3","290.50079186451"
"612","2012","9","4","291.176791488172"
"613","2012","9","5","292.326957673794"
"614","2012","9","6","293.119144651553"
"615","2012","9","7","293.54540156948"
"616","2012","9","8","293.711331349136"
"617","2012","9","9","292.195062069615"
"618","2012","9","10","289.048556533637"
"619","2012","9","11","286.04548630379"
"620","2012","9","12","286.936242001211"
"621","2012","9","13","289.673844053277"
"622","2012","9","14","291.142821969256"
"623","2012","9","15","291.069155238963"
"624","2012","9","16","286.385621779002"
"625","2012","9","17","285.201184832144"
"626","2012","9","18","287.614568973992"
"627","2012","9","19","289.807166964809"
"628","2012","9","20","284.896967185413"
"629","2012","9","21","285.95397009548"
"630","2012","9","22","287.555503144762"
"631","2012","9","23","288.834079552815"
"632","2012","9","24","284.241245684372"
"633","2012","9","25","283.435470942591"
"634","2012","9","26","285.88552768606"
"635","2012","9","27","288.001485107131"
"636","2012","9","28","284.23690348419"
"637","2012","9","29","285.382643457727"
"638","2012","9","30","286.321999051392"
"639","2012","10","1","285.115041638538"
"640","2012","10","2","286.321735515895"
"641","2012","10","3","288.466519563776"
"642","2012","10","4","289.492634870255"
"643","2012","10","5","289.223693795162"
"644","2012","10","6","289.347493909273"
"645","2012","10","7","284.687586242828"
"646","2012","10","8","283.061868072024"
"647","2012","10","9","282.359539971503"
"648","2012","10","10","283.740811464313"
"649","2012","10","11","282.59569756032"
"650","2012","10","12","280.241237674318"
"651","2012","10","13","278.571677118196"
"652","2012","10","14","279.296317948211"
"653","2012","10","15","285.73323510392"
"654","2012","10","16","285.563263540109"
"655","2012","10","17","280.084398682822"
"656","2012","10","18","281.879242223213"
"657","2012","10","19","283.908077854879"
"658","2012","10","20","287.488453661909"
"659","2012","10","21","284.054571739474"
"660","2012","10","22","283.24061685535"
"661","2012","10","23","282.723980098913"
"662","2012","10","24","281.694432629516"
"663","2012","10","25","282.856493298365"
"664","2012","10","26","285.388998915924"
"665","2012","10","27","286.536258482257"
"666","2012","10","28","285.142083407466"
"667","2012","10","29","283.902617703084"
"668","2012","10","30","284.994710846106"
"669","2012","10","31","284.739215924506"
"670","2012","11","1","281.139431682651"
"671","2012","11","2","279.968904889029"
"672","2012","11","3","278.571706758207"
"673","2012","11","4","277.351092768534"
"674","2012","11","5","276.61133980217"
"675","2012","11","6","275.73880213292"
"676","2012","11","7","274.260478163595"
"677","2012","11","8","273.680251265685"
"678","2012","11","9","274.106806394726"
"679","2012","11","10","275.26100356171"
"680","2012","11","11","276.890962289848"
"681","2012","11","12","280.063652592474"
"682","2012","11","13","283.26461197891"
"683","2012","11","14","277.597640385267"
"684","2012","11","15","275.261411030926"
"685","2012","11","16","273.999815941034"
"686","2012","11","17","273.689895846206"
"687","2012","11","18","273.615953500324"
"688","2012","11","19","273.526870800928"
"689","2012","11","20","273.609886965198"
"690","2012","11","21","274.081045804406"
"691","2012","11","22","274.585619274691"
"692","2012","11","23","275.367045117908"
"693","2012","11","24","276.327107152646"
"694","2012","11","25","275.106127917273"
"695","2012","11","26","273.366261727796"
"696","2012","11","27","272.921935134365"
"697","2012","11","28","273.534464401526"
"698","2012","11","29","273.292972841821"
"699","2012","11","30","272.683027296301"
"700","2012","12","1","271.256300465641"
"701","2012","12","2","273.113465288974"
"702","2012","12","3","277.103124461308"
"703","2012","12","4","276.535611839418"
"704","2012","12","5","279.888340465116"
"705","2012","12","6","275.538774738029"
"706","2012","12","7","272.655493529278"
"707","2012","12","8","273.894152986551"
"708","2012","12","9","275.084437926832"
"709","2012","12","10","276.154424102403"
"710","2012","12","11","277.985128496168"
"711","2012","12","12","274.115695765763"
"712","2012","12","13","273.32895494802"
"713","2012","12","14","273.174492252398"
"714","2012","12","15","272.871545299117"
"715","2012","12","16","271.205639818748"
"716","2012","12","17","272.240947998344"
"717","2012","12","18","274.029591402275"
"718","2012","12","19","274.566274797023"
"719","2012","12","20","273.742326208525"
"720","2012","12","21","273.688428324293"
"721","2012","12","22","273.737779944933"
"722","2012","12","23","271.272615953915"
"723","2012","12","24","271.249977048676"
"724","2012","12","25","270.641517403885"
"725","2012","12","26","269.52458776734"
"726","2012","12","27","271.477316503559"
"727","2012","12","28","271.749678647185"
"728","2012","12","29","270.848066628801"
"729","2012","12","30","270.797598653082"
"730","2012","12","31","268.281422215467"
"731","2013","1","1","270.281278113233"
"732","2013","1","2","267.257771684378"
"733","2013","1","3","265.110208932618"
"734","2013","1","4","267.26098353829"
"735","2013","1","5","270.159054515309"
"736","2013","1","6","269.811322688149"
"737","2013","1","7","271.118040064183"
"738","2013","1","8","269.914026874562"
"739","2013","1","9","270.736872119118"
"740","2013","1","10","272.542863862982"
"741","2013","1","11","271.399226623784"
"742","2013","1","12","272.793153951659"
"743","2013","1","13","273.193536950939"
"744","2013","1","14","275.767598313969"
"745","2013","1","15","274.596844186844"
"746","2013","1","16","273.312806330353"
"747","2013","1","17","272.746566143101"
"748","2013","1","18","270.869290065229"
"749","2013","1","19","269.217106418537"
"750","2013","1","20","272.230151384563"
"751","2013","1","21","270.037441739939"
"752","2013","1","22","268.616862146081"
"753","2013","1","23","264.709864148526"
"754","2013","1","24","261.800266585821"
"755","2013","1","25","261.377003265026"
"756","2013","1","26","263.742316714838"
"757","2013","1","27","263.643960738448"
"758","2013","1","28","265.116465907519"
"759","2013","1","29","269.316246089724"
"760","2013","1","30","272.046306476344"
"761","2013","1","31","274.314999787981"
"762","2013","2","1","272.924543057782"
"763","2013","2","2","268.134828966115"
"764","2013","2","3","268.920571857509"
"765","2013","2","4","269.353094476747"
"766","2013","2","5","267.16067040454"
"767","2013","2","6","268.386710021422"
"768","2013","2","7","266.574762029398"
"769","2013","2","8","266.717472771999"
"770","2013","2","9","268.171994537156"
"771","2013","2","10","266.149258858451"
"772","2013","2","11","268.049876006935"
"773","2013","2","12","271.481911968429"
"774","2013","2","13","271.584711917298"
"775","2013","2","14","271.548369532378"
"776","2013","2","15","272.018066683463"
"777","2013","2","16","272.541557631624"
"778","2013","2","17","269.468961598853"
"779","2013","2","18","265.319641182603"
"780","2013","2","19","267.476027795297"
"781","2013","2","20","271.859071317629"
"782","2013","2","21","268.119753678037"
"783","2013","2","22","268.201583217338"
"784","2013","2","23","270.836301443483"
"785","2013","2","24","271.780579623204"
"786","2013","2","25","272.210304661475"
"787","2013","2","26","272.410328294517"
"788","2013","2","27","272.636890433868"
"789","2013","2","28","272.89639017253"
"790","2013","3","1","273.256545710174"
"791","2013","3","2","272.803175065974"
"792","2013","3","3","272.133224126512"
"793","2013","3","4","271.541247118004"
"794","2013","3","5","271.397885115838"
"795","2013","3","6","272.621110690854"
"796","2013","3","7","272.744720860954"
"797","2013","3","8","272.95191523593"
"798","2013","3","9","272.822295243015"
"799","2013","3","10","272.830392654116"
"800","2013","3","11","273.848314217918"
"801","2013","3","12","275.324893537792"
"802","2013","3","13","277.609705057332"
"803","2013","3","14","274.84658108384"
"804","2013","3","15","271.680630911692"
"805","2013","3","16","271.867366876543"
"806","2013","3","17","271.298972973813"
"807","2013","3","18","269.145346210087"
"808","2013","3","19","271.672022640921"
"809","2013","3","20","271.838815214818"
"810","2013","3","21","271.776818456684"
"811","2013","3","22","271.697216524373"
"812","2013","3","23","271.590970580563"
"813","2013","3","24","272.309265993352"
"814","2013","3","25","273.125855260402"
"815","2013","3","26","273.572780742112"
"816","2013","3","27","273.804038167645"
"817","2013","3","28","273.981323672134"
"818","2013","3","29","275.215635878767"
"819","2013","3","30","276.053642644641"
"820","2013","3","31","276.632617848215"
"821","2013","4","1","278.288329419823"
"822","2013","4","2","276.040203192747"
"823","2013","4","3","272.65680236469"
"824","2013","4","4","273.021772547059"
"825","2013","4","5","275.364157560036"
"826","2013","4","6","275.955158464672"
"827","2013","4","7","274.484263671511"
"828","2013","4","8","278.571174858504"
"829","2013","4","9","281.671877473402"
"830","2013","4","10","281.396114053815"
"831","2013","4","11","280.15091293356"
"832","2013","4","12","275.963658093853"
"833","2013","4","13","275.454030909225"
"834","2013","4","14","277.028576778201"
"835","2013","4","15","277.342840984495"
"836","2013","4","16","278.968560562545"
"837","2013","4","17","282.186351399066"
"838","2013","4","18","279.482087453442"
"839","2013","4","19","283.829085869956"
"840","2013","4","20","285.373559137809"
"841","2013","4","21","278.309293357411"
"842","2013","4","22","277.959789352412"
"843","2013","4","23","277.03464602541"
"844","2013","4","24","280.814647506465"
"845","2013","4","25","284.168599294849"
"846","2013","4","26","280.138961110239"
"847","2013","4","27","280.819019724089"
"848","2013","4","28","282.160727911705"
"849","2013","4","29","283.626673420398"
"850","2013","4","30","283.875472327358"
"851","2013","5","1","284.32006897674"
"852","2013","5","2","285.182900138609"
"853","2013","5","3","285.648640665688"
"854","2013","5","4","284.034966249553"
"855","2013","5","5","283.998349760709"
"856","2013","5","6","284.231678091376"
"857","2013","5","7","285.356572906734"
"858","2013","5","8","287.52051413981"
"859","2013","5","9","287.527740282015"
"860","2013","5","10","287.701446000851"
"861","2013","5","11","288.623461803412"
"862","2013","5","12","287.018583162558"
"863","2013","5","13","281.862129038202"
"864","2013","5","14","279.93420817818"
"865","2013","5","15","280.648727004249"
"866","2013","5","16","283.582262169972"
"867","2013","5","17","284.449989577593"
"868","2013","5","18","283.888059200705"
"869","2013","5","19","285.276748409109"
"870","2013","5","20","287.199710602762"
"871","2013","5","21","289.979062036286"
"872","2013","5","22","290.613515719326"
"873","2013","5","23","291.453843767611"
"874","2013","5","24","289.480810511284"
"875","2013","5","25","281.958593853208"
"876","2013","5","26","278.852176616531"
"877","2013","5","27","280.450074479328"
"878","2013","5","28","282.962235094202"
"879","2013","5","29","285.405472330145"
"880","2013","5","30","289.675539034237"
"881","2013","5","31","292.307440145619"
"882","2013","6","1","293.402964835701"
"883","2013","6","2","294.006029003658"
"884","2013","6","3","292.35528849424"
"885","2013","6","4","287.208891811039"
"886","2013","6","5","284.777972061758"
"887","2013","6","6","285.71010775869"
"888","2013","6","7","286.188213159955"
"889","2013","6","8","285.757906201482"
"890","2013","6","9","287.842146701882"
"891","2013","6","10","288.278128568779"
"892","2013","6","11","287.961419457091"
"893","2013","6","12","286.904914096007"
"894","2013","6","13","286.194347320566"
"895","2013","6","14","286.334443170476"
"896","2013","6","15","287.591509473965"
"897","2013","6","16","286.886123342225"
"898","2013","6","17","288.599137950383"
"899","2013","6","18","288.975095178177"
"900","2013","6","19","287.199118400245"
"901","2013","6","20","287.107050280552"
"902","2013","6","21","288.749701322415"
"903","2013","6","22","289.787572888495"
"904","2013","6","23","291.754996260875"
"905","2013","6","24","293.808228492207"
"906","2013","6","25","294.280203638586"
"907","2013","6","26","293.848876337388"
"908","2013","6","27","293.046777552928"
"909","2013","6","28","292.422979032375"
"910","2013","6","29","292.089587326417"
"911","2013","6","30","292.924540858952"
"912","2013","7","1","293.045242450292"
"913","2013","7","2","292.535944879188"
"914","2013","7","3","293.133533139214"
"915","2013","7","4","294.799549327915"
"916","2013","7","5","295.90267727749"
"917","2013","7","6","296.01929986539"
"918","2013","7","7","295.12375672454"
"919","2013","7","8","295.176337375579"
"920","2013","7","9","294.124487928354"
"921","2013","7","10","293.940117079312"
"922","2013","7","11","293.826313719354"
"923","2013","7","12","292.751166680211"
"924","2013","7","13","291.580746998027"
"925","2013","7","14","293.585952074896"
"926","2013","7","15","295.145041893387"
"927","2013","7","16","295.555424858898"
"928","2013","7","17","295.623781380061"
"929","2013","7","18","296.333306108609"
"930","2013","7","19","296.22712755378"
"931","2013","7","20","296.601328950309"
"932","2013","7","21","293.926310657283"
"933","2013","7","22","292.941981255456"
"934","2013","7","23","293.441552403306"
"935","2013","7","24","292.846435087658"
"936","2013","7","25","290.776206539281"
"937","2013","7","26","289.73105624382"
"938","2013","7","27","290.278761499566"
"939","2013","7","28","291.834722361495"
"940","2013","7","29","292.939998287069"
"941","2013","7","30","292.312110857675"
"942","2013","7","31","290.73019730935"
"943","2013","8","1","291.393714691041"
"944","2013","8","2","291.608788375449"
"945","2013","8","3","291.319204439799"
"946","2013","8","4","290.012931246605"
"947","2013","8","5","288.162381468333"
"948","2013","8","6","287.802163779268"
"949","2013","8","7","289.491953556856"
"950","2013","8","8","291.543576309138"
"951","2013","8","9","293.307427491529"
"952","2013","8","10","292.411315383558"
"953","2013","8","11","289.341036493907"
"954","2013","8","12","289.719685152554"
"955","2013","8","13","290.979646490448"
"956","2013","8","14","290.584169697831"
"957","2013","8","15","288.16546943734"
"958","2013","8","16","288.858006975234"
"959","2013","8","17","290.142738334396"
"960","2013","8","18","290.411914481806"
"961","2013","8","19","290.855409273921"
"962","2013","8","20","292.20756990141"
"963","2013","8","21","292.778381885907"
"964","2013","8","22","293.98335512436"
"965","2013","8","23","293.50463670494"
"966","2013","8","24","290.014194840687"
"967","2013","8","25","288.686864902134"
"968","2013","8","26","290.827977878642"
"969","2013","8","27","293.197106992479"
"970","2013","8","28","294.323445348791"
"971","2013","8","29","293.748789662241"
"972","2013","8","30","292.276384784338"
"973","2013","8","31","294.101703597046"
"974","2013","9","1","294.530869552065"
"975","2013","9","2","293.999983982195"
"976","2013","9","3","293.046463722275"
"977","2013","9","4","291.798729540226"
"978","2013","9","5","289.724321639898"
"979","2013","9","6","286.229760244282"
"980","2013","9","7","286.509451061964"
"981","2013","9","8","289.291025574926"
"982","2013","9","9","285.176612489798"
"983","2013","9","10","287.051850393015"
"984","2013","9","11","293.135437533744"
"985","2013","9","12","295.626584189801"
"986","2013","9","13","292.503095555104"
"987","2013","9","14","287.623014603531"
"988","2013","9","15","285.562060934309"
"989","2013","9","16","286.725784578401"
"990","2013","9","17","283.517464859752"
"991","2013","9","18","283.406297155323"
"992","2013","9","19","285.979391593494"
"993","2013","9","20","287.655299954169"
"994","2013","9","21","288.113329813454"
"995","2013","9","22","289.662179895658"
"996","2013","9","23","285.230863083863"
"997","2013","9","24","283.163251285574"
"998","2013","9","25","283.733092245202"
"999","2013","9","26","286.512489389829"
"1000","2013","9","27","287.46979684011"
"1001","2013","9","28","288.171849843881"
"1002","2013","9","29","287.89460596946"
"1003","2013","9","30","286.962527982239"
"1004","2013","10","1","287.542594309603"
"1005","2013","10","2","288.625726480194"
"1006","2013","10","3","288.727139129801"
"1007","2013","10","4","286.656754574451"
"1008","2013","10","5","287.670377183388"
"1009","2013","10","6","286.709789668283"
"1010","2013","10","7","287.442513526031"
"1011","2013","10","8","286.739059214461"
"1012","2013","10","9","282.573799105855"
"1013","2013","10","10","283.1018762161"
"1014","2013","10","11","285.914575706723"
"1015","2013","10","12","285.919300225502"
"1016","2013","10","13","285.189912091401"
"1017","2013","10","14","284.424541575605"
"1018","2013","10","15","286.797367507797"
"1019","2013","10","16","286.543246766121"
"1020","2013","10","17","287.942810399712"
"1021","2013","10","18","287.003124426893"
"1022","2013","10","19","283.889357839031"
"1023","2013","10","20","284.281726842552"
"1024","2013","10","21","282.255551880512"
"1025","2013","10","22","282.914975931184"
"1026","2013","10","23","280.245227394937"
"1027","2013","10","24","279.315674395587"
"1028","2013","10","25","278.360799323364"
"1029","2013","10","26","278.045703949111"
"1030","2013","10","27","279.557431761682"
"1031","2013","10","28","278.582233356516"
"1032","2013","10","29","278.391035057357"
"1033","2013","10","30","277.221683090691"
"1034","2013","10","31","277.183120304536"
"1035","2013","11","1","285.515566933605"
"1036","2013","11","2","283.329976985464"
"1037","2013","11","3","279.864206995343"
"1038","2013","11","4","276.862532942493"
"1039","2013","11","5","275.635655267478"
"1040","2013","11","6","275.873189458109"
"1041","2013","11","7","281.609602430723"
"1042","2013","11","8","278.296418622497"
"1043","2013","11","9","276.292588336539"
"1044","2013","11","10","276.643280721152"
"1045","2013","11","11","277.022152677581"
"1046","2013","11","12","276.722710302586"
"1047","2013","11","13","274.484520428214"
"1048","2013","11","14","272.800079313883"
"1049","2013","11","15","273.543246903625"
"1050","2013","11","16","275.541494198242"
"1051","2013","11","17","276.982931866082"
"1052","2013","11","18","282.81805171755"
"1053","2013","11","19","277.936440178656"
"1054","2013","11","20","275.165005325555"
"1055","2013","11","21","272.60311689034"
"1056","2013","11","22","273.51801522175"
"1057","2013","11","23","275.154121113079"
"1058","2013","11","24","273.449603748918"
"1059","2013","11","25","267.820795420196"
"1060","2013","11","26","271.249710084454"
"1061","2013","11","27","274.001567428585"
"1062","2013","11","28","274.198205446279"
"1063","2013","11","29","271.043723637489"
"1064","2013","11","30","269.455394203426"
"1065","2013","12","1","271.111035763409"
"1066","2013","12","2","273.005411238184"
"1067","2013","12","3","273.452645652078"
"1068","2013","12","4","273.613017652571"
"1069","2013","12","5","274.005552974978"
"1070","2013","12","6","277.088541131614"
"1071","2013","12","7","274.708520516635"
"1072","2013","12","8","273.234510643833"
"1073","2013","12","9","272.098608319152"
"1074","2013","12","10","272.366384811986"
"1075","2013","12","11","270.380523371168"
"1076","2013","12","12","268.458101663769"
"1077","2013","12","13","267.503587558359"
"1078","2013","12","14","264.992866243313"
"1079","2013","12","15","266.226967496497"
"1080","2013","12","16","267.452453332206"
"1081","2013","12","17","264.75171989567"
"1082","2013","12","18","266.655318128558"
"1083","2013","12","19","268.750419572988"
"1084","2013","12","20","270.553916334353"
"1085","2013","12","21","272.719993052306"
"1086","2013","12","22","274.279186828345"
"1087","2013","12","23","276.226465426335"
"1088","2013","12","24","273.737360309988"
"1089","2013","12","25","268.842837550185"
"1090","2013","12","26","268.183939563941"
"1091","2013","12","27","269.996932240431"
"1092","2013","12","28","270.550596557327"
"1093","2013","12","29","271.793904851926"
"1094","2013","12","30","272.795379268046"
"1095","2013","12","31","267.451064572983"
"1096","2014","1","1","266.950817026997"
"1097","2014","1","2","265.515307538403"
"1098","2014","1","3","264.142061592532"
"1099","2014","1","4","262.279143211715"
"1100","2014","1","5","265.649671721385"
"1101","2014","1","6","271.32417675592"
"1102","2014","1","7","268.453398520392"
"1103","2014","1","8","263.107053494885"
"1104","2014","1","9","264.468328107768"
"1105","2014","1","10","264.883438400769"
"1106","2014","1","11","270.420452567861"
"1107","2014","1","12","273.255797064421"
"1108","2014","1","13","272.60710638963"
"1109","2014","1","14","273.561597409805"
"1110","2014","1","15","273.942856056955"
"1111","2014","1","16","273.457788392113"
"1112","2014","1","17","272.941378549317"
"1113","2014","1","18","272.137425384752"
"1114","2014","1","19","272.021802793552"
"1115","2014","1","20","270.999412943019"
"1116","2014","1","21","267.44719179962"
"1117","2014","1","22","262.888351140703"
"1118","2014","1","23","261.371482236587"
"1119","2014","1","24","262.425884344551"
"1120","2014","1","25","264.268388332433"
"1121","2014","1","26","266.682330638502"
"1122","2014","1","27","266.725726549997"
"1123","2014","1","28","265.1083563056"
"1124","2014","1","29","263.778210732526"
"1125","2014","1","30","263.787721694336"
"1126","2014","1","31","265.864114641779"
"1127","2014","2","1","269.118852382048"
"1128","2014","2","2","271.390914902096"
"1129","2014","2","3","271.539108853453"
"1130","2014","2","4","269.26103593437"
"1131","2014","2","5","269.229134420539"
"1132","2014","2","6","268.366958701339"
"1133","2014","2","7","266.954181434826"
"1134","2014","2","8","266.474315104224"
"1135","2014","2","9","267.057588496689"
"1136","2014","2","10","267.358083416312"
"1137","2014","2","11","265.494366460316"
"1138","2014","2","12","264.003768388086"
"1139","2014","2","13","265.307905115442"
"1140","2014","2","14","269.551910327001"
"1141","2014","2","15","268.901675335504"
"1142","2014","2","16","268.90962088099"
"1143","2014","2","17","265.293804822634"
"1144","2014","2","18","264.557502247735"
"1145","2014","2","19","268.48778712897"
"1146","2014","2","20","271.172569307709"
"1147","2014","2","21","272.32408027927"
"1148","2014","2","22","272.728361908087"
"1149","2014","2","23","272.808498908883"
"1150","2014","2","24","272.198065842848"
"1151","2014","2","25","269.034295464731"
"1152","2014","2","26","266.989919098042"
"1153","2014","2","27","265.216360710326"
"1154","2014","2","28","265.464156146815"
"1155","2014","3","1","264.900820924245"
"1156","2014","3","2","268.787432109101"
"1157","2014","3","3","268.431411715381"
"1158","2014","3","4","265.431967153911"
"1159","2014","3","5","267.014882607377"
"1160","2014","3","6","266.410194129482"
"1161","2014","3","7","265.726617033862"
"1162","2014","3","8","268.014696991273"
"1163","2014","3","9","269.714909240502"
"1164","2014","3","10","269.461474288993"
"1165","2014","3","11","270.775143809735"
"1166","2014","3","12","271.446049073303"
"1167","2014","3","13","271.205064133642"
"1168","2014","3","14","268.253083756221"
"1169","2014","3","15","269.851266011213"
"1170","2014","3","16","270.658796637215"
"1171","2014","3","17","267.311576394379"
"1172","2014","3","18","266.771107819903"
"1173","2014","3","19","268.828568259068"
"1174","2014","3","20","271.142987020434"
"1175","2014","3","21","271.387821310216"
"1176","2014","3","22","270.708464592779"
"1177","2014","3","23","270.842685123318"
"1178","2014","3","24","269.282478202793"
"1179","2014","3","25","268.380141662249"
"1180","2014","3","26","269.430049236841"
"1181","2014","3","27","268.312007920937"
"1182","2014","3","28","270.4308069585"
"1183","2014","3","29","273.11261104596"
"1184","2014","3","30","273.911207567873"
"1185","2014","3","31","272.646530552824"
"1186","2014","4","1","272.721398667049"
"1187","2014","4","2","273.392104486416"
"1188","2014","4","3","273.791942673088"
"1189","2014","4","4","273.230423645096"
"1190","2014","4","5","273.958714368169"
"1191","2014","4","6","273.963858784813"
"1192","2014","4","7","274.672079218049"
"1193","2014","4","8","277.139570899292"
"1194","2014","4","9","277.227970201489"
"1195","2014","4","10","276.010670416734"
"1196","2014","4","11","278.467002688363"
"1197","2014","4","12","280.01031837281"
"1198","2014","4","13","279.17436695446"
"1199","2014","4","14","283.577323835601"
"1200","2014","4","15","284.589680620882"
"1201","2014","4","16","278.484645561508"
"1202","2014","4","17","274.760202521133"
"1203","2014","4","18","274.507390982626"
"1204","2014","4","19","276.803077652773"
"1205","2014","4","20","278.25679267877"
"1206","2014","4","21","279.146273316168"
"1207","2014","4","22","282.208973078935"
"1208","2014","4","23","281.912101154678"
"1209","2014","4","24","277.679506124963"
"1210","2014","4","25","278.412816697792"
"1211","2014","4","26","280.12888185679"
"1212","2014","4","27","278.709273792774"
"1213","2014","4","28","279.170724533965"
"1214","2014","4","29","280.676535729467"
"1215","2014","4","30","278.225421948096"
"1216","2014","5","1","279.791595602892"
"1217","2014","5","2","283.293327832683"
"1218","2014","5","3","281.847893175627"
"1219","2014","5","4","281.9834427582"
"1220","2014","5","5","281.166606394643"
"1221","2014","5","6","280.609621272089"
"1222","2014","5","7","280.660469387438"
"1223","2014","5","8","281.905802374106"
"1224","2014","5","9","282.896167749348"
"1225","2014","5","10","286.036191069929"
"1226","2014","5","11","287.693694422696"
"1227","2014","5","12","285.449005368235"
"1228","2014","5","13","285.490322294274"
"1229","2014","5","14","283.889534006074"
"1230","2014","5","15","287.091930067346"
"1231","2014","5","16","289.554207134588"
"1232","2014","5","17","288.579814521734"
"1233","2014","5","18","284.842454030219"
"1234","2014","5","19","282.743736172917"
"1235","2014","5","20","283.266103437542"
"1236","2014","5","21","285.099088806334"
"1237","2014","5","22","286.361679173387"
"1238","2014","5","23","284.861414889407"
"1239","2014","5","24","284.976086774311"
"1240","2014","5","25","285.473261469004"
"1241","2014","5","26","286.900837747694"
"1242","2014","5","27","288.612926506859"
"1243","2014","5","28","286.799960277167"
"1244","2014","5","29","283.351051802419"
"1245","2014","5","30","284.986017260782"
"1246","2014","5","31","285.367437497131"
"1247","2014","6","1","285.336171847304"
"1248","2014","6","2","287.221704406973"
"1249","2014","6","3","289.609592913332"
"1250","2014","6","4","290.098062967609"
"1251","2014","6","5","288.856315185975"
"1252","2014","6","6","287.135012940731"
"1253","2014","6","7","287.584287278037"
"1254","2014","6","8","289.675583213378"
"1255","2014","6","9","290.681190170639"
"1256","2014","6","10","290.27919093996"
"1257","2014","6","11","290.22055478829"
"1258","2014","6","12","287.362388151237"
"1259","2014","6","13","287.934186197647"
"1260","2014","6","14","288.994553013333"
"1261","2014","6","15","288.174455716475"
"1262","2014","6","16","287.66802367073"
"1263","2014","6","17","289.69254057655"
"1264","2014","6","18","292.227275168548"
"1265","2014","6","19","291.017785447844"
"1266","2014","6","20","287.635525333075"
"1267","2014","6","21","286.57320665474"
"1268","2014","6","22","287.618777655181"
"1269","2014","6","23","288.996201502448"
"1270","2014","6","24","289.876732894686"
"1271","2014","6","25","290.786908709346"
"1272","2014","6","26","291.413527964612"
"1273","2014","6","27","290.531695593466"
"1274","2014","6","28","290.099217778679"
"1275","2014","6","29","290.884324186144"
"1276","2014","6","30","292.373541437389"
"1277","2014","7","1","293.589391837919"
"1278","2014","7","2","295.333883025188"
"1279","2014","7","3","294.645035709927"
"1280","2014","7","4","293.48154934136"
"1281","2014","7","5","289.777159464373"
"1282","2014","7","6","289.265085335995"
"1283","2014","7","7","290.064850757107"
"1284","2014","7","8","292.664444878138"
"1285","2014","7","9","293.758768280484"
"1286","2014","7","10","291.831056165376"
"1287","2014","7","11","290.010130711255"
"1288","2014","7","12","290.46460358263"
"1289","2014","7","13","292.302630061802"
"1290","2014","7","14","293.308520484682"
"1291","2014","7","15","293.734489230078"
"1292","2014","7","16","293.085122738121"
"1293","2014","7","17","291.492020460782"
"1294","2014","7","18","289.711723827478"
"1295","2014","7","19","289.919825738904"
"1296","2014","7","20","290.221249104347"
"1297","2014","7","21","289.623192720002"
"1298","2014","7","22","292.207546900158"
"1299","2014","7","23","294.085280264951"
"1300","2014","7","24","293.413763647548"
"1301","2014","7","25","290.058051457831"
"1302","2014","7","26","290.262373973455"
"1303","2014","7","27","290.342236290984"
"1304","2014","7","28","290.837299971152"
"1305","2014","7","29","290.45995458047"
"1306","2014","7","30","289.373072321715"
"1307","2014","7","31","289.863688668341"
"1308","2014","8","1","290.255775851562"
"1309","2014","8","2","291.53114316461"
"1310","2014","8","3","291.322070275094"
"1311","2014","8","4","291.902211118218"
"1312","2014","8","5","292.433401076465"
"1313","2014","8","6","292.286194626643"
"1314","2014","8","7","289.754947473341"
"1315","2014","8","8","288.305468892653"
"1316","2014","8","9","290.041142153723"
"1317","2014","8","10","291.422761148552"
"1318","2014","8","11","291.709750399243"
"1319","2014","8","12","291.78019302298"
"1320","2014","8","13","291.372130795601"
"1321","2014","8","14","289.322409022723"
"1322","2014","8","15","287.398452011782"
"1323","2014","8","16","287.190939766933"
"1324","2014","8","17","289.008833709814"
"1325","2014","8","18","288.617160186178"
"1326","2014","8","19","288.286791630966"
"1327","2014","8","20","290.127104993611"
"1328","2014","8","21","290.55197509783"
"1329","2014","8","22","289.89950936344"
"1330","2014","8","23","289.692893259157"
"1331","2014","8","24","290.985899854976"
"1332","2014","8","25","291.818468642626"
"1333","2014","8","26","293.043241908529"
"1334","2014","8","27","293.378306553014"
"1335","2014","8","28","292.798588771841"
"1336","2014","8","29","289.52983174039"
"1337","2014","8","30","289.823068275084"
"1338","2014","8","31","291.293833109575"
"1339","2014","9","1","293.69592202106"
"1340","2014","9","2","294.517032816945"
"1341","2014","9","3","294.153348307723"
"1342","2014","9","4","291.18652022787"
"1343","2014","9","5","292.377932103616"
"1344","2014","9","6","294.711772252437"
"1345","2014","9","7","292.048846219315"
"1346","2014","9","8","289.139855740498"
"1347","2014","9","9","288.449238455459"
"1348","2014","9","10","288.486324699633"
"1349","2014","9","11","289.604168846884"
"1350","2014","9","12","288.852145557333"
"1351","2014","9","13","285.5144603278"
"1352","2014","9","14","285.597242511965"
"1353","2014","9","15","283.701297356725"
"1354","2014","9","16","284.931226807686"
"1355","2014","9","17","285.284198752724"
"1356","2014","9","18","285.453697949847"
"1357","2014","9","19","284.196161908499"
"1358","2014","9","20","282.586014951795"
"1359","2014","9","21","288.06932912463"
"1360","2014","9","22","289.832253515661"
"1361","2014","9","23","284.429965479555"
"1362","2014","9","24","285.719428809331"
"1363","2014","9","25","286.564622741413"
"1364","2014","9","26","286.915749573238"
"1365","2014","9","27","288.512252747386"
"1366","2014","9","28","290.168343478098"
"1367","2014","9","29","290.284454764143"
"1368","2014","9","30","289.693464737386"
"1369","2014","10","1","287.952348684636"
"1370","2014","10","2","287.725044623163"
"1371","2014","10","3","286.50449777905"
"1372","2014","10","4","285.93705578201"
"1373","2014","10","5","285.066667399661"
"1374","2014","10","6","282.337167004049"
"1375","2014","10","7","285.076739089505"
"1376","2014","10","8","287.555816177897"
"1377","2014","10","9","284.954999641991"
"1378","2014","10","10","282.477949321849"
"1379","2014","10","11","282.142666406708"
"1380","2014","10","12","282.318326920518"
"1381","2014","10","13","280.729252023529"
"1382","2014","10","14","286.806537657653"
"1383","2014","10","15","291.261721965477"
"1384","2014","10","16","291.602211180773"
"1385","2014","10","17","289.062597074952"
"1386","2014","10","18","287.172082716814"
"1387","2014","10","19","283.803462588315"
"1388","2014","10","20","278.865458916529"
"1389","2014","10","21","281.065875367197"
"1390","2014","10","22","282.605114933956"
"1391","2014","10","23","281.402897145445"
"1392","2014","10","24","281.429751402304"
"1393","2014","10","25","282.11335779155"
"1394","2014","10","26","282.126319386665"
"1395","2014","10","27","280.975070978132"
"1396","2014","10","28","280.936532272972"
"1397","2014","10","29","284.706772947076"
"1398","2014","10","30","282.183669178972"
"1399","2014","10","31","280.26301903194"
"1400","2014","11","1","279.577386791436"
"1401","2014","11","2","276.996910847128"
"1402","2014","11","3","276.2328069454"
"1403","2014","11","4","276.69869950919"
"1404","2014","11","5","281.561576847557"
"1405","2014","11","6","279.715561221344"
"1406","2014","11","7","279.478713426966"
"1407","2014","11","8","276.601432426151"
"1408","2014","11","9","277.327505374301"
"1409","2014","11","10","277.793070678106"
"1410","2014","11","11","278.796759306023"
"1411","2014","11","12","282.459494910559"
"1412","2014","11","13","278.453757913099"
"1413","2014","11","14","276.002204621794"
"1414","2014","11","15","275.091680137764"
"1415","2014","11","16","273.581372128923"
"1416","2014","11","17","273.644669330996"
"1417","2014","11","18","274.706903889392"
"1418","2014","11","19","273.222715942423"
"1419","2014","11","20","271.940863830535"
"1420","2014","11","21","271.913435015811"
"1421","2014","11","22","270.321352630251"
"1422","2014","11","23","272.853075389404"
"1423","2014","11","24","275.86904303944"
"1424","2014","11","25","280.947121988131"
"1425","2014","11","26","276.037982590738"
"1426","2014","11","27","274.941881869013"
"1427","2014","11","28","274.256173929138"
"1428","2014","11","29","274.041887779062"
"1429","2014","11","30","273.772746208003"
"1430","2014","12","1","274.678541090854"
"1431","2014","12","2","274.589701546445"
"1432","2014","12","3","273.742548226336"
"1433","2014","12","4","274.091307004242"
"1434","2014","12","5","272.316226316112"
"1435","2014","12","6","272.740366841289"
"1436","2014","12","7","273.192222346314"
"1437","2014","12","8","270.04551024961"
"1438","2014","12","9","270.703730465334"
"1439","2014","12","10","273.102464590316"
"1440","2014","12","11","273.177552478183"
"1441","2014","12","12","273.022423942966"
"1442","2014","12","13","272.769735792454"
"1443","2014","12","14","272.463548468686"
"1444","2014","12","15","272.103425175361"
"1445","2014","12","16","271.875527108167"
"1446","2014","12","17","272.971719401253"
"1447","2014","12","18","273.432917182903"
"1448","2014","12","19","273.091800103821"
"1449","2014","12","20","271.63140241509"
"1450","2014","12","21","270.89993953424"
"1451","2014","12","22","271.704607952358"
"1452","2014","12","23","272.89496318642"
"1453","2014","12","24","274.125150343458"
"1454","2014","12","25","276.428392229365"
"1455","2014","12","26","274.515843521979"
"1456","2014","12","27","274.174892756986"
"1457","2014","12","28","274.222028982468"
"1458","2014","12","29","274.118591811734"
"1459","2014","12","30","271.917693423999"
"1460","2014","12","31","268.189220812087"
"1461","2015","1","1","268.720258462419"
"1462","2015","1","2","270.24428529469"
"1463","2015","1","3","269.625912353336"
"1464","2015","1","4","271.095191018255"
"1465","2015","1","5","272.298359744142"
"1466","2015","1","6","266.83235808235"
"1467","2015","1","7","266.786528829022"
"1468","2015","1","8","262.458279823759"
"1469","2015","1","9","265.251363665261"
"1470","2015","1","10","266.060664257084"
"1471","2015","1","11","265.112863578613"
"1472","2015","1","12","268.37717006286"
"1473","2015","1","13","269.147070765108"
"1474","2015","1","14","264.573231988186"
"1475","2015","1","15","266.354610279"
"1476","2015","1","16","267.695909152984"
"1477","2015","1","17","264.325224143052"
"1478","2015","1","18","266.645360058174"
"1479","2015","1","19","272.042586874146"
"1480","2015","1","20","270.415436042761"
"1481","2015","1","21","267.005870028066"
"1482","2015","1","22","267.814477463933"
"1483","2015","1","23","267.584986352223"
"1484","2015","1","24","269.016210344884"
"1485","2015","1","25","269.659860591124"
"1486","2015","1","26","266.01994456839"
"1487","2015","1","27","266.847562807816"
"1488","2015","1","28","266.876999311392"
"1489","2015","1","29","266.488343121878"
"1490","2015","1","30","268.707775822994"
"1491","2015","1","31","267.631918750585"
"1492","2015","2","1","265.716767260303"
"1493","2015","2","2","266.577557941737"
"1494","2015","2","3","266.631715590614"
"1495","2015","2","4","266.744203455056"
"1496","2015","2","5","268.341068797251"
"1497","2015","2","6","267.298257883045"
"1498","2015","2","7","267.042851525068"
"1499","2015","2","8","268.149505311114"
"1500","2015","2","9","268.674167558282"
"1501","2015","2","10","268.992118105479"
"1502","2015","2","11","268.935358793148"
"1503","2015","2","12","268.889674772622"
"1504","2015","2","13","268.438315003779"
"1505","2015","2","14","266.399824597142"
"1506","2015","2","15","267.464719130594"
"1507","2015","2","16","266.581313295528"
"1508","2015","2","17","265.857529541132"
"1509","2015","2","18","266.345441805724"
"1510","2015","2","19","267.549062107097"
"1511","2015","2","20","267.164976208319"
"1512","2015","2","21","266.042740095161"
"1513","2015","2","22","267.65852941912"
"1514","2015","2","23","268.630049369933"
"1515","2015","2","24","267.119609513989"
"1516","2015","2","25","267.054597307999"
"1517","2015","2","26","267.608578925798"
"1518","2015","2","27","267.601643529268"
"1519","2015","2","28","267.037953712477"
"1520","2015","3","1","266.802461982707"
"1521","2015","3","2","268.142585825583"
"1522","2015","3","3","268.519572289498"
"1523","2015","3","4","269.230166047461"
"1524","2015","3","5","270.033275334515"
"1525","2015","3","6","268.530313045201"
"1526","2015","3","7","267.756431215977"
"1527","2015","3","8","268.997041964864"
"1528","2015","3","9","269.674035947434"
"1529","2015","3","10","270.278679915759"
"1530","2015","3","11","271.638748743468"
"1531","2015","3","12","272.262152568825"
"1532","2015","3","13","271.028777170213"
"1533","2015","3","14","271.084534934821"
"1534","2015","3","15","271.820200263333"
"1535","2015","3","16","271.412080027875"
"1536","2015","3","17","272.014046361724"
"1537","2015","3","18","270.493044507838"
"1538","2015","3","19","268.424154737822"
"1539","2015","3","20","268.390419653036"
"1540","2015","3","21","271.027800676371"
"1541","2015","3","22","270.385906746769"
"1542","2015","3","23","266.964255695095"
"1543","2015","3","24","267.387160693329"
"1544","2015","3","25","269.431883337817"
"1545","2015","3","26","272.293659049989"
"1546","2015","3","27","272.870081797856"
"1547","2015","3","28","272.505502063993"
"1548","2015","3","29","271.474923635703"
"1549","2015","3","30","271.583370353915"
"1550","2015","3","31","272.168148890024"
"1551","2015","4","1","271.798639991611"
"1552","2015","4","2","271.356501769386"
"1553","2015","4","3","274.418526431452"
"1554","2015","4","4","275.888416580142"
"1555","2015","4","5","274.441855317446"
"1556","2015","4","6","274.330199106678"
"1557","2015","4","7","275.352161082453"
"1558","2015","4","8","274.088240580977"
"1559","2015","4","9","273.281807806158"
"1560","2015","4","10","273.749796019653"
"1561","2015","4","11","275.561771784575"
"1562","2015","4","12","275.851267967264"
"1563","2015","4","13","278.150011219449"
"1564","2015","4","14","281.215684381219"
"1565","2015","4","15","279.580191676545"
"1566","2015","4","16","278.770589435969"
"1567","2015","4","17","280.017007462245"
"1568","2015","4","18","281.97059058473"
"1569","2015","4","19","281.38369362681"
"1570","2015","4","20","278.522815450535"
"1571","2015","4","21","279.783532038885"
"1572","2015","4","22","280.204631885262"
"1573","2015","4","23","279.434015872437"
"1574","2015","4","24","275.888787471278"
"1575","2015","4","25","276.075401515505"
"1576","2015","4","26","276.94630528013"
"1577","2015","4","27","278.56166594537"
"1578","2015","4","28","279.826097036983"
"1579","2015","4","29","281.196982493399"
"1580","2015","4","30","281.89377365528"
"1581","2015","5","1","281.545201491404"
"1582","2015","5","2","282.971120109934"
"1583","2015","5","3","285.51164571195"
"1584","2015","5","4","286.314056716039"
"1585","2015","5","5","287.884665181366"
"1586","2015","5","6","285.130423387245"
"1587","2015","5","7","285.442070468146"
"1588","2015","5","8","287.15531482142"
"1589","2015","5","9","288.360980111711"
"1590","2015","5","10","290.305878723882"
"1591","2015","5","11","291.995330808347"
"1592","2015","5","12","291.615086021957"
"1593","2015","5","13","286.730469499666"
"1594","2015","5","14","282.356529499643"
"1595","2015","5","15","282.949913015244"
"1596","2015","5","16","285.806900959778"
"1597","2015","5","17","289.122345552773"
"1598","2015","5","18","288.950990794391"
"1599","2015","5","19","288.509705954603"
"1600","2015","5","20","287.835780139823"
"1601","2015","5","21","281.711645591404"
"1602","2015","5","22","284.039321935933"
"1603","2015","5","23","281.576931186966"
"1604","2015","5","24","281.737436587924"
"1605","2015","5","25","286.096199186947"
"1606","2015","5","26","289.521018723982"
"1607","2015","5","27","292.123781926801"
"1608","2015","5","28","292.37946405967"
"1609","2015","5","29","290.463737638494"
"1610","2015","5","30","290.553298291478"
"1611","2015","5","31","291.324141178076"
"1612","2015","6","1","285.633249990562"
"1613","2015","6","2","282.376694538727"
"1614","2015","6","3","284.089447456552"
"1615","2015","6","4","285.560588225194"
"1616","2015","6","5","286.520478059438"
"1617","2015","6","6","287.272640084421"
"1618","2015","6","7","285.104437742647"
"1619","2015","6","8","286.111980432494"
"1620","2015","6","9","289.199587880591"
"1621","2015","6","10","289.212423818554"
"1622","2015","6","11","290.307071237313"
"1623","2015","6","12","289.999642949681"
"1624","2015","6","13","291.368236859494"
"1625","2015","6","14","289.726552622772"
"1626","2015","6","15","288.928970222225"
"1627","2015","6","16","287.600626830758"
"1628","2015","6","17","288.829103835297"
"1629","2015","6","18","288.11188229088"
"1630","2015","6","19","290.16768748621"
"1631","2015","6","20","288.180805628937"
"1632","2015","6","21","289.671611440838"
"1633","2015","6","22","291.072519642152"
"1634","2015","6","23","291.106272985595"
"1635","2015","6","24","291.138702770276"
"1636","2015","6","25","289.157576997174"
"1637","2015","6","26","288.459210340026"
"1638","2015","6","27","288.05673919267"
"1639","2015","6","28","287.468541002477"
"1640","2015","6","29","286.495406270453"
"1641","2015","6","30","287.810983683742"
"1642","2015","7","1","289.55719595281"
"1643","2015","7","2","289.186260253709"
"1644","2015","7","3","288.406233214014"
"1645","2015","7","4","287.836844661939"
"1646","2015","7","5","288.228992177491"
"1647","2015","7","6","290.910094717372"
"1648","2015","7","7","292.582946755028"
"1649","2015","7","8","292.925385982974"
"1650","2015","7","9","290.965982135789"
"1651","2015","7","10","291.426130205241"
"1652","2015","7","11","291.365379731741"
"1653","2015","7","12","292.325931575555"
"1654","2015","7","13","293.359492522572"
"1655","2015","7","14","293.023529524134"
"1656","2015","7","15","291.984991245978"
"1657","2015","7","16","289.562919838943"
"1658","2015","7","17","288.990393417699"
"1659","2015","7","18","290.732704838575"
"1660","2015","7","19","293.381862580303"
"1661","2015","7","20","295.024500742228"
"1662","2015","7","21","293.243788403549"
"1663","2015","7","22","291.614312698404"
"1664","2015","7","23","289.713905525187"
"1665","2015","7","24","289.320344079247"
"1666","2015","7","25","289.658610557033"
"1667","2015","7","26","291.27318032019"
"1668","2015","7","27","292.838617369485"
"1669","2015","7","28","293.460699410372"
"1670","2015","7","29","294.377178552804"
"1671","2015","7","30","294.896110782865"
"1672","2015","7","31","293.430326095703"
"1673",NA,NA,NA,NA
"1674",NA,NA,NA,NA
"1675",NA,NA,NA,NA
"1676",NA,NA,NA,NA
"1677",NA,NA,NA,NA
"1678",NA,NA,NA,NA
"1679",NA,NA,NA,NA
"1680",NA,NA,NA,NA
"1681",NA,NA,NA,NA
"1682",NA,NA,NA,NA
"1683",NA,NA,NA,NA
"1684",NA,NA,NA,NA
"1685",NA,NA,NA,NA
"1686",NA,NA,NA,NA
"1687",NA,NA,NA,NA
"1688",NA,NA,NA,NA
"1689",NA,NA,NA,NA
"1690",NA,NA,NA,NA
"1691",NA,NA,NA,NA
"1692",NA,NA,NA,NA
"1693",NA,NA,NA,NA
"1694",NA,NA,NA,NA
"1695",NA,NA,NA,NA
"1696",NA,NA,NA,NA
"1697",NA,NA,NA,NA
"1698",NA,NA,NA,NA
"1699",NA,NA,NA,NA
"1700",NA,NA,NA,NA
"1701",NA,NA,NA,NA
"1702",NA,NA,NA,NA
"1703",NA,NA,NA,NA
"1704",NA,NA,NA,NA
"1705",NA,NA,NA,NA
"1706",NA,NA,NA,NA
"1707",NA,NA,NA,NA
"1708",NA,NA,NA,NA
"1709",NA,NA,NA,NA
"1710",NA,NA,NA,NA
"1711",NA,NA,NA,NA
"1712",NA,NA,NA,NA
"1713",NA,NA,NA,NA
"1714",NA,NA,NA,NA
"1715",NA,NA,NA,NA
"1716",NA,NA,NA,NA
"1717",NA,NA,NA,NA
"1718",NA,NA,NA,NA
"1719",NA,NA,NA,NA
"1720",NA,NA,NA,NA
"1721",NA,NA,NA,NA
"1722",NA,NA,NA,NA
"1723",NA,NA,NA,NA
"1724",NA,NA,NA,NA
"1725",NA,NA,NA,NA
"1726",NA,NA,NA,NA
"1727",NA,NA,NA,NA
"1728",NA,NA,NA,NA
"1729",NA,NA,NA,NA
"1730",NA,NA,NA,NA
"1731",NA,NA,NA,NA
"1732",NA,NA,NA,NA
"1733",NA,NA,NA,NA
"1734",NA,NA,NA,NA
"1735",NA,NA,NA,NA
"1736",NA,NA,NA,NA
"1737",NA,NA,NA,NA
"1738",NA,NA,NA,NA
"1739",NA,NA,NA,NA
"1740",NA,NA,NA,NA
"1741",NA,NA,NA,NA
"1742",NA,NA,NA,NA
"1743",NA,NA,NA,NA
"1744",NA,NA,NA,NA
"1745",NA,NA,NA,NA
"1746",NA,NA,NA,NA
"1747",NA,NA,NA,NA
"1748",NA,NA,NA,NA
"1749",NA,NA,NA,NA
"1750",NA,NA,NA,NA
"1751",NA,NA,NA,NA
"1752",NA,NA,NA,NA
"1753",NA,NA,NA,NA
"1754",NA,NA,NA,NA
"1755",NA,NA,NA,NA
"1756",NA,NA,NA,NA
"1757",NA,NA,NA,NA
"1758",NA,NA,NA,NA
"1759",NA,NA,NA,NA
"1760",NA,NA,NA,NA
"1761",NA,NA,NA,NA
"1762",NA,NA,NA,NA
"1763",NA,NA,NA,NA
"1764",NA,NA,NA,NA
"1765",NA,NA,NA,NA
"1766",NA,NA,NA,NA
"1767",NA,NA,NA,NA
"1768",NA,NA,NA,NA
"1769",NA,NA,NA,NA
"1770",NA,NA,NA,NA
"1771",NA,NA,NA,NA
"1772",NA,NA,NA,NA
"1773",NA,NA,NA,NA
"1774",NA,NA,NA,NA
"1775",NA,NA,NA,NA
"1776",NA,NA,NA,NA
"1777",NA,NA,NA,NA
"1778",NA,NA,NA,NA
"1779",NA,NA,NA,NA
"1780",NA,NA,NA,NA
"1781",NA,NA,NA,NA
"1782",NA,NA,NA,NA
"1783",NA,NA,NA,NA
"1784",NA,NA,NA,NA
"1785",NA,NA,NA,NA
"1786",NA,NA,NA,NA
"1787",NA,NA,NA,NA
"1788",NA,NA,NA,NA
"1789",NA,NA,NA,NA
"1790",NA,NA,NA,NA
"1791",NA,NA,NA,NA
"1792",NA,NA,NA,NA
"1793",NA,NA,NA,NA
"1794",NA,NA,NA,NA
"1795",NA,NA,NA,NA
"1796",NA,NA,NA,NA
"1797",NA,NA,NA,NA
"1798",NA,NA,NA,NA
"1799",NA,NA,NA,NA
"1800",NA,NA,NA,NA
"1801",NA,NA,NA,NA
"1802",NA,NA,NA,NA
"1803",NA,NA,NA,NA
"1804",NA,NA,NA,NA
"1805",NA,NA,NA,NA
"1806",NA,NA,NA,NA
"1807",NA,NA,NA,NA
"1808",NA,NA,NA,NA
"1809",NA,NA,NA,NA
"1810",NA,NA,NA,NA
"1811",NA,NA,NA,NA
"1812",NA,NA,NA,NA
"1813",NA,NA,NA,NA
"1814",NA,NA,NA,NA
"1815",NA,NA,NA,NA
"1816",NA,NA,NA,NA
"1817",NA,NA,NA,NA
"1818",NA,NA,NA,NA
"1819",NA,NA,NA,NA
"1820",NA,NA,NA,NA
"1821",NA,NA,NA,NA
"1822",NA,NA,NA,NA
"1823",NA,NA,NA,NA
"1824",NA,NA,NA,NA
"1825",NA,NA,NA,NA
"1826",NA,NA,NA,NA
"1827",NA,NA,NA,NA
"1828",NA,NA,NA,NA
"1829",NA,NA,NA,NA
"1830",NA,NA,NA,NA
