"","V1","V2","V3","V4","V5"
"1","2011","1","2","0.988558352402746","0.011441647597254"
"2","2011","1","3","0.986270022883295","0.0137299771167048"
"3","2011","1","4","0.983981693363844","0.0160183066361556"
"4","2011","1","5","0.974828375286041","0.0251716247139588"
"5","2011","1","6","0.97254004576659","0.0274599542334096"
"6","2011","1","7","0.979405034324943","0.0205949656750572"
"7","2011","1","8","0.990846681922197","0.0091533180778032"
"8","2011","1","9","0.995423340961098","0.0045766590389016"
"9","2011","1","10","0.995423340961098","0.0045766590389016"
"10","2011","1","11","1","0"
"11","2011","1","12","1","0"
"12","2011","1","13","1","0"
"13","2011","1","14","1","0"
"14","2011","1","15","1","0"
"15","2011","1","16","1","0"
"16","2011","1","17","1","0"
"17","2011","1","18","1","0"
"18","2011","1","19","1","0"
"19","2011","1","20","1","0"
"20","2011","1","21","1","0"
"21","2011","1","22","1","0"
"22","2011","1","23","1","0"
"23","2011","1","24","1","0"
"24","2011","1","25","1","0"
"25","2011","1","26","1","0"
"26","2011","1","27","1","0"
"27","2011","1","28","1","0"
"28","2011","1","29","1","0"
"29","2011","1","30","1","0"
"30","2011","1","31","1","0"
"31","2011","2","1","1","0"
"32","2011","2","2","1","0"
"33","2011","2","3","1","0"
"34","2011","2","4","1","0"
"35","2011","2","5","1","0"
"36","2011","2","6","1","0"
"37","2011","2","7","1","0"
"38","2011","2","8","1","0"
"39","2011","2","9","1","0"
"40","2011","2","10","1","0"
"41","2011","2","11","1","0"
"42","2011","2","12","1","0"
"43","2011","2","13","1","0"
"44","2011","2","14","1","0"
"45","2011","2","15","1","0"
"46","2011","2","16","1","0"
"47","2011","2","17","1","0"
"48","2011","2","18","1","0"
"49","2011","2","19","1","0"
"50","2011","2","20","1","0"
"51","2011","2","21","1","0"
"52","2011","2","22","1","0"
"53","2011","2","23","1","0"
"54","2011","2","24","1","0"
"55","2011","2","25","1","0"
"56","2011","2","26","1","0"
"57","2011","2","27","1","0"
"58","2011","2","28","1","0"
"59","2011","3","1","1","0"
"60","2011","3","2","1","0"
"61","2011","3","3","1","0"
"62","2011","3","4","1","0"
"63","2011","3","5","1","0"
"64","2011","3","6","1","0"
"65","2011","3","7","1","0"
"66","2011","3","8","1","0"
"67","2011","3","9","1","0"
"68","2011","3","10","1","0"
"69","2011","3","11","1","0"
"70","2011","3","12","1","0"
"71","2011","3","13","1","0"
"72","2011","3","14","1","0"
"73","2011","3","15","1","0"
"74","2011","3","16","1","0"
"75","2011","3","17","1","0"
"76","2011","3","18","0.97254004576659","0.0274599542334096"
"77","2011","3","19","0.967963386727689","0.0320366132723112"
"78","2011","3","20","0.940503432494279","0.0594965675057208"
"79","2011","3","21","0.919908466819222","0.080091533180778"
"80","2011","3","22","0.919908466819222","0.080091533180778"
"81","2011","3","23","0.91533180778032","0.0846681922196796"
"82","2011","3","24","0.919908466819222","0.080091533180778"
"83","2011","3","25","0.917620137299771","0.0823798627002288"
"84","2011","3","26","0.917620137299771","0.0823798627002288"
"85","2011","3","27","0.922196796338673","0.0778032036613272"
"86","2011","3","28","0.926773455377574","0.0732265446224256"
"87","2011","3","29","0.933638443935927","0.0663615560640732"
"88","2011","3","30","0.924485125858124","0.0755148741418764"
"89","2011","3","31","0.805491990846682","0.194508009153318"
"90","2011","4","1","0.755148741418764","0.244851258581236"
"91","2011","4","2","0.745995423340961","0.254004576659039"
"92","2011","4","3","0.74141876430206","0.258581235697941"
"93","2011","4","4","0.74141876430206","0.258581235697941"
"94","2011","4","5","0.739130434782609","0.260869565217391"
"95","2011","4","6","0.74141876430206","0.258581235697941"
"96","2011","4","7","0.560640732265446","0.439359267734554"
"97","2011","4","8","0.583524027459954","0.416475972540046"
"98","2011","4","9","0.54233409610984","0.45766590389016"
"99","2011","4","10","0.450800915331808","0.549199084668192"
"100","2011","4","11","0.377574370709382","0.622425629290618"
"101","2011","4","12","0.347826086956522","0.652173913043478"
"102","2011","4","13","0.0663615560640732","0.933638443935927"
"103","2011","4","14","0.299771167048055","0.700228832951945"
"104","2011","4","15","0.0411899313501144","0.958810068649886"
"105","2011","4","16","0.0480549199084668","0.951945080091533"
"106","2011","4","17","0.0663615560640732","0.933638443935927"
"107","2011","4","18","0.045766590389016","0.954233409610984"
"108","2011","4","19","0.123569794050343","0.876430205949657"
"109","2011","4","20","0.155606407322654","0.844393592677345"
"110","2011","4","21","0.112128146453089","0.887871853546911"
"111","2011","4","22","0.0411899313501144","0.958810068649886"
"112","2011","4","23","0.0389016018306636","0.961098398169336"
"113","2011","4","24","0.0434782608695652","0.956521739130435"
"114","2011","4","25","0.0320366132723112","0.967963386727689"
"115","2011","4","26","0.0411899313501144","0.958810068649886"
"116","2011","4","27","0.0022883295194508","0.997711670480549"
"117","2011","4","28","0","1"
"118","2011","4","29","0","1"
"119","2011","4","30","0","1"
"120","2011","5","1","0","1"
"121","2011","5","2","0","1"
"122","2011","5","3","0","1"
"123","2011","5","4","0","1"
"124","2011","5","5","0","1"
"125","2011","5","6","0","1"
"126","2011","5","7","0","1"
"127","2011","5","8","0","1"
"128","2011","5","9","0","1"
"129","2011","5","10","0","1"
"130","2011","5","11","0","1"
"131","2011","5","12","0","1"
"132","2011","5","13","0","1"
"133","2011","5","14","0","1"
"134","2011","5","15","0","1"
"135","2011","5","16","0","1"
"136","2011","5","17","0","1"
"137","2011","5","18","0","1"
"138","2011","5","19","0","1"
"139","2011","5","20","0","1"
"140","2011","5","21","0","1"
"141","2011","5","22","0","1"
"142","2011","5","23","0","1"
"143","2011","5","24","0","1"
"144","2011","5","25","0","1"
"145","2011","5","26","0","1"
"146","2011","5","27","0","1"
"147","2011","5","28","0","1"
"148","2011","5","29","0","1"
"149","2011","5","30","0","1"
"150","2011","5","31","0","1"
"151","2011","6","1","0","1"
"152","2011","6","2","0","1"
"153","2011","6","3","0","1"
"154","2011","6","4","0","1"
"155","2011","6","5","0","1"
"156","2011","6","6","0","1"
"157","2011","6","7","0","1"
"158","2011","6","8","0","1"
"159","2011","6","9","0","1"
"160","2011","6","10","0","1"
"161","2011","6","11","0","1"
"162","2011","6","12","0","1"
"163","2011","6","13","0","1"
"164","2011","6","14","0","1"
"165","2011","6","15","0","1"
"166","2011","6","16","0","1"
"167","2011","6","17","0","1"
"168","2011","6","18","0","1"
"169","2011","6","19","0","1"
"170","2011","6","20","0","1"
"171","2011","6","21","0","1"
"172","2011","6","22","0","1"
"173","2011","6","23","0","1"
"174","2011","6","24","0","1"
"175","2011","6","25","0","1"
"176","2011","6","26","0","1"
"177","2011","6","27","0","1"
"178","2011","6","28","0","1"
"179","2011","6","29","0","1"
"180","2011","6","30","0","1"
"181","2011","7","1","0","1"
"182","2011","7","2","0","1"
"183","2011","7","3","0","1"
"184","2011","7","4","0","1"
"185","2011","7","5","0","1"
"186","2011","7","6","0","1"
"187","2011","7","7","0","1"
"188","2011","7","8","0","1"
"189","2011","7","9","0","1"
"190","2011","7","10","0","1"
"191","2011","7","11","0","1"
"192","2011","7","12","0","1"
"193","2011","7","13","0","1"
"194","2011","7","14","0","1"
"195","2011","7","15","0","1"
"196","2011","7","16","0","1"
"197","2011","7","17","0","1"
"198","2011","7","18","0","1"
"199","2011","7","19","0","1"
"200","2011","7","20","0","1"
"201","2011","7","21","0","1"
"202","2011","7","22","0","1"
"203","2011","7","23","0","1"
"204","2011","7","24","0","1"
"205","2011","7","25","0","1"
"206","2011","7","26","0","1"
"207","2011","7","27","0","1"
"208","2011","7","28","0","1"
"209","2011","7","29","0","1"
"210","2011","7","30","0","1"
"211","2011","7","31","0","1"
"212","2011","8","1","0","1"
"213","2011","8","2","0","1"
"214","2011","8","3","0","1"
"215","2011","8","4","0","1"
"216","2011","8","5","0","1"
"217","2011","8","6","0","1"
"218","2011","8","7","0","1"
"219","2011","8","8","0","1"
"220","2011","8","9","0","1"
"221","2011","8","10","0","1"
"222","2011","8","11","0","1"
"223","2011","8","12","0","1"
"224","2011","8","13","0","1"
"225","2011","8","14","0","1"
"226","2011","8","15","0","1"
"227","2011","8","16","0","1"
"228","2011","8","17","0","1"
"229","2011","8","18","0","1"
"230","2011","8","19","0","1"
"231","2011","8","20","0","1"
"232","2011","8","21","0","1"
"233","2011","8","22","0","1"
"234","2011","8","23","0","1"
"235","2011","8","24","0","1"
"236","2011","8","25","0","1"
"237","2011","8","26","0","1"
"238","2011","8","27","0","1"
"239","2011","8","28","0","1"
"240","2011","8","29","0","1"
"241","2011","8","30","0","1"
"242","2011","8","31","0","1"
"243","2011","9","1","0","1"
"244","2011","9","2","0","1"
"245","2011","9","3","0","1"
"246","2011","9","4","0","1"
"247","2011","9","5","0","1"
"248","2011","9","6","0","1"
"249","2011","9","7","0","1"
"250","2011","9","8","0","1"
"251","2011","9","9","0","1"
"252","2011","9","10","0","1"
"253","2011","9","11","0","1"
"254","2011","9","12","0","1"
"255","2011","9","13","0","1"
"256","2011","9","14","0","1"
"257","2011","9","15","0","1"
"258","2011","9","16","0","1"
"259","2011","9","17","0","1"
"260","2011","9","18","0","1"
"261","2011","9","19","0","1"
"262","2011","9","20","0","1"
"263","2011","9","21","0","1"
"264","2011","9","22","0","1"
"265","2011","9","23","0","1"
"266","2011","9","24","0","1"
"267","2011","9","25","0","1"
"268","2011","9","26","0","1"
"269","2011","9","27","0","1"
"270","2011","9","28","0","1"
"271","2011","9","29","0","1"
"272","2011","9","30","0","1"
"273","2011","10","1","0","1"
"274","2011","10","2","0","1"
"275","2011","10","3","0","1"
"276","2011","10","4","0","1"
"277","2011","10","5","0","1"
"278","2011","10","6","0","1"
"279","2011","10","7","0","1"
"280","2011","10","8","0","1"
"281","2011","10","9","0","1"
"282","2011","10","10","0","1"
"283","2011","10","11","0","1"
"284","2011","10","12","0","1"
"285","2011","10","13","0","1"
"286","2011","10","14","0","1"
"287","2011","10","15","0","1"
"288","2011","10","16","0","1"
"289","2011","10","17","0","1"
"290","2011","10","18","0","1"
"291","2011","10","19","0","1"
"292","2011","10","20","0","1"
"293","2011","10","21","0","1"
"294","2011","10","22","0","1"
"295","2011","10","23","0","1"
"296","2011","10","24","0","1"
"297","2011","10","25","0","1"
"298","2011","10","26","0","1"
"299","2011","10","27","0","1"
"300","2011","10","28","0","1"
"301","2011","10","29","0","1"
"302","2011","10","30","0","1"
"303","2011","10","31","0","1"
"304","2011","11","1","0","1"
"305","2011","11","2","0","1"
"306","2011","11","3","0","1"
"307","2011","11","4","0","1"
"308","2011","11","5","0","1"
"309","2011","11","6","0","1"
"310","2011","11","7","0","1"
"311","2011","11","8","0","1"
"312","2011","11","9","0","1"
"313","2011","11","10","0","1"
"314","2011","11","11","0","1"
"315","2011","11","12","0","1"
"316","2011","11","13","0","1"
"317","2011","11","14","0","1"
"318","2011","11","15","0","1"
"319","2011","11","16","0","1"
"320","2011","11","17","0","1"
"321","2011","11","18","0","1"
"322","2011","11","19","0","1"
"323","2011","11","20","0","1"
"324","2011","11","21","0","1"
"325","2011","11","22","0","1"
"326","2011","11","23","0","1"
"327","2011","11","24","0","1"
"328","2011","11","25","0","1"
"329","2011","11","26","0","1"
"330","2011","11","27","0","1"
"331","2011","11","28","0","1"
"332","2011","11","29","0","1"
"333","2011","11","30","0","1"
"334","2011","12","1","0","1"
"335","2011","12","2","0","1"
"336","2011","12","3","0","1"
"337","2011","12","4","0","1"
"338","2011","12","5","0","1"
"339","2011","12","6","0","1"
"340","2011","12","7","0","1"
"341","2011","12","8","0","1"
"342","2011","12","9","0","1"
"343","2011","12","10","0","1"
"344","2011","12","11","0","1"
"345","2011","12","12","0","1"
"346","2011","12","13","0","1"
"347","2011","12","14","0","1"
"348","2011","12","15","0","1"
"349","2011","12","16","0","1"
"350","2011","12","17","0","1"
"351","2011","12","18","0","1"
"352","2011","12","19","0.011441647597254","0.988558352402746"
"353","2011","12","20","0.080091533180778","0.919908466819222"
"354","2011","12","21","0.123569794050343","0.876430205949657"
"355","2011","12","22","0.176201372997712","0.823798627002288"
"356","2011","12","23","0.164759725400458","0.835240274599542"
"357","2011","12","24","0.162471395881007","0.837528604118993"
"358","2011","12","25","0.178489702517162","0.821510297482838"
"359","2011","12","26","0.242562929061785","0.757437070938215"
"360","2011","12","27","0.263157894736842","0.736842105263158"
"361","2011","12","28","0.263157894736842","0.736842105263158"
"362","2011","12","29","0.258581235697941","0.74141876430206"
"363","2011","12","30","0.315789473684211","0.684210526315789"
"364","2011","12","31","0.382151029748284","0.617848970251716"
"365","2012","1","1","0.393592677345538","0.606407322654462"
"366","2012","1","2","0.389016018306636","0.610983981693364"
"367","2012","1","3","0.386727688787185","0.613272311212815"
"368","2012","1","4","0.405034324942792","0.594965675057208"
"369","2012","1","5","0.521739130434783","0.478260869565217"
"370","2012","1","6","0.553775743707094","0.446224256292906"
"371","2012","1","7","0.569794050343249","0.430205949656751"
"372","2012","1","8","0.565217391304348","0.434782608695652"
"373","2012","1","9","0.551487414187643","0.448512585812357"
"374","2012","1","10","0.546910755148741","0.453089244851259"
"375","2012","1","11","0.546910755148741","0.453089244851259"
"376","2012","1","12","0.549199084668192","0.450800915331808"
"377","2012","1","13","0.553775743707094","0.446224256292906"
"378","2012","1","14","0.553775743707094","0.446224256292906"
"379","2012","1","15","0.59954233409611","0.40045766590389"
"380","2012","1","16","0.661327231121281","0.338672768878719"
"381","2012","1","17","0.784897025171625","0.215102974828375"
"382","2012","1","18","0.787185354691076","0.212814645308924"
"383","2012","1","19","0.784897025171625","0.215102974828375"
"384","2012","1","20","0.821510297482838","0.178489702517162"
"385","2012","1","21","0.839816933638444","0.160183066361556"
"386","2012","1","22","0.85812356979405","0.14187643020595"
"387","2012","1","23","0.894736842105263","0.105263157894737"
"388","2012","1","24","0.910755148741419","0.0892448512585812"
"389","2012","1","25","0.894736842105263","0.105263157894737"
"390","2012","1","26","0.88558352402746","0.11441647597254"
"391","2012","1","27","0.860411899313501","0.139588100686499"
"392","2012","1","28","0.842105263157895","0.157894736842105"
"393","2012","1","29","0.8558352402746","0.1441647597254"
"394","2012","1","30","0.860411899313501","0.139588100686499"
"395","2012","1","31","0.837528604118993","0.162471395881007"
"396","2012","2","1","0.819221967963387","0.180778032036613"
"397","2012","2","2","0.80091533180778","0.19908466819222"
"398","2012","2","3","0.812356979405034","0.187643020594966"
"399","2012","2","4","0.826086956521739","0.173913043478261"
"400","2012","2","5","0.814645308924485","0.185354691075515"
"401","2012","2","6","0.716247139588101","0.283752860411899"
"402","2012","2","7","0.71395881006865","0.28604118993135"
"403","2012","2","8","0.711670480549199","0.288329519450801"
"404","2012","2","9","0.711670480549199","0.288329519450801"
"405","2012","2","10","0.711670480549199","0.288329519450801"
"406","2012","2","11","0.709382151029748","0.290617848970252"
"407","2012","2","12","0.727688787185355","0.272311212814645"
"408","2012","2","13","0.727688787185355","0.272311212814645"
"409","2012","2","14","0.74370709382151","0.25629290617849"
"410","2012","2","15","0.759725400457666","0.240274599542334"
"411","2012","2","16","0.762013729977117","0.237986270022883"
"412","2012","2","17","0.752860411899314","0.247139588100687"
"413","2012","2","18","0.750572082379863","0.249427917620137"
"414","2012","2","19","0.74141876430206","0.258581235697941"
"415","2012","2","20","0.736842105263158","0.263157894736842"
"416","2012","2","21","0.734553775743707","0.265446224256293"
"417","2012","2","22","0.732265446224256","0.267734553775744"
"418","2012","2","23","0.723112128146453","0.276887871853547"
"419","2012","2","24","0.723112128146453","0.276887871853547"
"420","2012","2","25","0.725400457665904","0.274599542334096"
"421","2012","2","26","0.718535469107552","0.281464530892448"
"422","2012","2","27","0.720823798627002","0.279176201372998"
"423","2012","2","28","0.704805491990847","0.295194508009153"
"424","2012","2","29","0.716247139588101","0.283752860411899"
"425","2012","3","1","0.71395881006865","0.28604118993135"
"426","2012","3","2","0.71395881006865","0.28604118993135"
"427","2012","3","3","0.71395881006865","0.28604118993135"
"428","2012","3","4","0.702517162471396","0.297482837528604"
"429","2012","3","5","0.725400457665904","0.274599542334096"
"430","2012","3","6","0.716247139588101","0.283752860411899"
"431","2012","3","7","0.688787185354691","0.311212814645309"
"432","2012","3","8","0.693363844393593","0.306636155606407"
"433","2012","3","9","0.681922196796339","0.318077803203661"
"434","2012","3","10","0.675057208237986","0.324942791762014"
"435","2012","3","11","0.675057208237986","0.324942791762014"
"436","2012","3","12","0.675057208237986","0.324942791762014"
"437","2012","3","13","0.663615560640732","0.336384439359268"
"438","2012","3","14","0.606407322654462","0.393592677345538"
"439","2012","3","15","0.414187643020595","0.585812356979405"
"440","2012","3","16","0.208237986270023","0.791762013729977"
"441","2012","3","17","0.167048054919908","0.832951945080092"
"442","2012","3","18","0.091533180778032","0.908466819221968"
"443","2012","3","19","0.0411899313501144","0.958810068649886"
"444","2012","3","20","0.0022883295194508","0.997711670480549"
"445","2012","3","21","0","1"
"446","2012","3","22","0","1"
"447","2012","3","23","0","1"
"448","2012","3","24","0","1"
"449","2012","3","25","0","1"
"450","2012","3","26","0","1"
"451","2012","3","27","0","1"
"452","2012","3","28","0","1"
"453","2012","3","29","0","1"
"454","2012","3","30","0","1"
"455","2012","3","31","0","1"
"456","2012","4","1","0","1"
"457","2012","4","2","0","1"
"458","2012","4","3","0.0091533180778032","0.990846681922197"
"459","2012","4","4","0.0160183066361556","0.983981693363844"
"460","2012","4","5","0.0137299771167048","0.986270022883295"
"461","2012","4","6","0.0045766590389016","0.995423340961098"
"462","2012","4","7","0.0045766590389016","0.995423340961098"
"463","2012","4","8","0.0045766590389016","0.995423340961098"
"464","2012","4","9","0.0045766590389016","0.995423340961098"
"465","2012","4","10","0.0045766590389016","0.995423340961098"
"466","2012","4","11","0.0045766590389016","0.995423340961098"
"467","2012","4","12","0","1"
"468","2012","4","13","0","1"
"469","2012","4","14","0","1"
"470","2012","4","15","0","1"
"471","2012","4","16","0","1"
"472","2012","4","17","0","1"
"473","2012","4","18","0","1"
"474","2012","4","19","0","1"
"475","2012","4","20","0","1"
"476","2012","4","21","0","1"
"477","2012","4","22","0","1"
"478","2012","4","23","0","1"
"479","2012","4","24","0","1"
"480","2012","4","25","0","1"
"481","2012","4","26","0","1"
"482","2012","4","27","0","1"
"483","2012","4","28","0","1"
"484","2012","4","29","0","1"
"485","2012","4","30","0","1"
"486","2012","5","1","0","1"
"487","2012","5","2","0","1"
"488","2012","5","3","0","1"
"489","2012","5","4","0","1"
"490","2012","5","5","0","1"
"491","2012","5","6","0","1"
"492","2012","5","7","0","1"
"493","2012","5","8","0","1"
"494","2012","5","9","0","1"
"495","2012","5","10","0","1"
"496","2012","5","11","0","1"
"497","2012","5","12","0","1"
"498","2012","5","13","0","1"
"499","2012","5","14","0","1"
"500","2012","5","15","0","1"
"501","2012","5","16","0","1"
"502","2012","5","17","0","1"
"503","2012","5","18","0","1"
"504","2012","5","19","0","1"
"505","2012","5","20","0","1"
"506","2012","5","21","0","1"
"507","2012","5","22","0","1"
"508","2012","5","23","0","1"
"509","2012","5","24","0","1"
"510","2012","5","25","0","1"
"511","2012","5","26","0","1"
"512","2012","5","27","0","1"
"513","2012","5","28","0","1"
"514","2012","5","29","0","1"
"515","2012","5","30","0","1"
"516","2012","5","31","0","1"
"517","2012","6","1","0","1"
"518","2012","6","2","0","1"
"519","2012","6","3","0","1"
"520","2012","6","4","0","1"
"521","2012","6","5","0","1"
"522","2012","6","6","0","1"
"523","2012","6","7","0","1"
"524","2012","6","8","0","1"
"525","2012","6","9","0","1"
"526","2012","6","10","0","1"
"527","2012","6","11","0","1"
"528","2012","6","12","0","1"
"529","2012","6","13","0","1"
"530","2012","6","14","0","1"
"531","2012","6","15","0","1"
"532","2012","6","16","0","1"
"533","2012","6","17","0","1"
"534","2012","6","18","0","1"
"535","2012","6","19","0","1"
"536","2012","6","20","0","1"
"537","2012","6","21","0","1"
"538","2012","6","22","0","1"
"539","2012","6","23","0","1"
"540","2012","6","24","0","1"
"541","2012","6","25","0","1"
"542","2012","6","26","0","1"
"543","2012","6","27","0","1"
"544","2012","6","28","0","1"
"545","2012","6","29","0","1"
"546","2012","6","30","0","1"
"547","2012","7","1","0","1"
"548","2012","7","2","0","1"
"549","2012","7","3","0","1"
"550","2012","7","4","0","1"
"551","2012","7","5","0","1"
"552","2012","7","6","0","1"
"553","2012","7","7","0","1"
"554","2012","7","8","0","1"
"555","2012","7","9","0","1"
"556","2012","7","10","0","1"
"557","2012","7","11","0","1"
"558","2012","7","12","0","1"
"559","2012","7","13","0","1"
"560","2012","7","14","0","1"
"561","2012","7","15","0","1"
"562","2012","7","16","0","1"
"563","2012","7","17","0","1"
"564","2012","7","18","0","1"
"565","2012","7","19","0","1"
"566","2012","7","20","0","1"
"567","2012","7","21","0","1"
"568","2012","7","22","0","1"
"569","2012","7","23","0","1"
"570","2012","7","24","0","1"
"571","2012","7","25","0","1"
"572","2012","7","26","0","1"
"573","2012","7","27","0","1"
"574","2012","7","28","0","1"
"575","2012","7","29","0","1"
"576","2012","7","30","0","1"
"577","2012","7","31","0","1"
"578","2012","8","1","0","1"
"579","2012","8","2","0","1"
"580","2012","8","3","0","1"
"581","2012","8","4","0","1"
"582","2012","8","5","0","1"
"583","2012","8","6","0","1"
"584","2012","8","7","0","1"
"585","2012","8","8","0","1"
"586","2012","8","9","0","1"
"587","2012","8","10","0","1"
"588","2012","8","11","0","1"
"589","2012","8","12","0","1"
"590","2012","8","13","0","1"
"591","2012","8","14","0","1"
"592","2012","8","15","0","1"
"593","2012","8","16","0","1"
"594","2012","8","17","0","1"
"595","2012","8","18","0","1"
"596","2012","8","19","0","1"
"597","2012","8","20","0","1"
"598","2012","8","21","0","1"
"599","2012","8","22","0","1"
"600","2012","8","23","0","1"
"601","2012","8","24","0","1"
"602","2012","8","25","0","1"
"603","2012","8","26","0","1"
"604","2012","8","27","0","1"
"605","2012","8","28","0","1"
"606","2012","8","29","0","1"
"607","2012","8","30","0","1"
"608","2012","8","31","0","1"
"609","2012","9","1","0","1"
"610","2012","9","2","0","1"
"611","2012","9","3","0","1"
"612","2012","9","4","0","1"
"613","2012","9","5","0","1"
"614","2012","9","6","0","1"
"615","2012","9","7","0","1"
"616","2012","9","8","0","1"
"617","2012","9","9","0","1"
"618","2012","9","10","0","1"
"619","2012","9","11","0","1"
"620","2012","9","12","0","1"
"621","2012","9","13","0","1"
"622","2012","9","14","0","1"
"623","2012","9","15","0","1"
"624","2012","9","16","0","1"
"625","2012","9","17","0","1"
"626","2012","9","18","0","1"
"627","2012","9","19","0","1"
"628","2012","9","20","0","1"
"629","2012","9","21","0","1"
"630","2012","9","22","0","1"
"631","2012","9","23","0","1"
"632","2012","9","24","0","1"
"633","2012","9","25","0","1"
"634","2012","9","26","0","1"
"635","2012","9","27","0","1"
"636","2012","9","28","0","1"
"637","2012","9","29","0","1"
"638","2012","9","30","0","1"
"639","2012","10","1","0","1"
"640","2012","10","2","0","1"
"641","2012","10","3","0","1"
"642","2012","10","4","0","1"
"643","2012","10","5","0","1"
"644","2012","10","6","0","1"
"645","2012","10","7","0","1"
"646","2012","10","8","0","1"
"647","2012","10","9","0","1"
"648","2012","10","10","0","1"
"649","2012","10","11","0","1"
"650","2012","10","12","0","1"
"651","2012","10","13","0","1"
"652","2012","10","14","0","1"
"653","2012","10","15","0","1"
"654","2012","10","16","0","1"
"655","2012","10","17","0","1"
"656","2012","10","18","0","1"
"657","2012","10","19","0","1"
"658","2012","10","20","0","1"
"659","2012","10","21","0","1"
"660","2012","10","22","0","1"
"661","2012","10","23","0","1"
"662","2012","10","24","0","1"
"663","2012","10","25","0","1"
"664","2012","10","26","0","1"
"665","2012","10","27","0","1"
"666","2012","10","28","0","1"
"667","2012","10","29","0","1"
"668","2012","10","30","0","1"
"669","2012","10","31","0","1"
"670","2012","11","1","0","1"
"671","2012","11","2","0","1"
"672","2012","11","3","0","1"
"673","2012","11","4","0","1"
"674","2012","11","5","0","1"
"675","2012","11","6","0","1"
"676","2012","11","7","0","1"
"677","2012","11","8","0","1"
"678","2012","11","9","0","1"
"679","2012","11","10","0","1"
"680","2012","11","11","0","1"
"681","2012","11","12","0","1"
"682","2012","11","13","0","1"
"683","2012","11","14","0","1"
"684","2012","11","15","0","1"
"685","2012","11","16","0","1"
"686","2012","11","17","0","1"
"687","2012","11","18","0","1"
"688","2012","11","19","0","1"
"689","2012","11","20","0","1"
"690","2012","11","21","0","1"
"691","2012","11","22","0","1"
"692","2012","11","23","0","1"
"693","2012","11","24","0","1"
"694","2012","11","25","0","1"
"695","2012","11","26","0","1"
"696","2012","11","27","0","1"
"697","2012","11","28","0","1"
"698","2012","11","29","0","1"
"699","2012","11","30","0","1"
"700","2012","12","1","0.068649885583524","0.931350114416476"
"701","2012","12","2","0.176201372997712","0.823798627002288"
"702","2012","12","3","0.17162471395881","0.82837528604119"
"703","2012","12","4","0.14187643020595","0.85812356979405"
"704","2012","12","5","0.118993135011442","0.881006864988558"
"705","2012","12","6","0.0823798627002288","0.917620137299771"
"706","2012","12","7","0.0389016018306636","0.961098398169336"
"707","2012","12","8","0.011441647597254","0.988558352402746"
"708","2012","12","9","0.0091533180778032","0.990846681922197"
"709","2012","12","10","0.0068649885583524","0.993135011441648"
"710","2012","12","11","0","1"
"711","2012","12","12","0.0068649885583524","0.993135011441648"
"712","2012","12","13","0.0045766590389016","0.995423340961098"
"713","2012","12","14","0.0480549199084668","0.951945080091533"
"714","2012","12","15","0.0755148741418764","0.924485125858124"
"715","2012","12","16","0.146453089244851","0.853546910755149"
"716","2012","12","17","0.17162471395881","0.82837528604119"
"717","2012","12","18","0.178489702517162","0.821510297482838"
"718","2012","12","19","0.164759725400458","0.835240274599542"
"719","2012","12","20","0.135011441647597","0.864988558352403"
"720","2012","12","21","0.135011441647597","0.864988558352403"
"721","2012","12","22","0.130434782608696","0.869565217391304"
"722","2012","12","23","0.146453089244851","0.853546910755149"
"723","2012","12","24","0.160183066361556","0.839816933638444"
"724","2012","12","25","0.210526315789474","0.789473684210526"
"725","2012","12","26","0.247139588100687","0.752860411899314"
"726","2012","12","27","0.372997711670481","0.627002288329519"
"727","2012","12","28","0.377574370709382","0.622425629290618"
"728","2012","12","29","0.377574370709382","0.622425629290618"
"729","2012","12","30","0.377574370709382","0.622425629290618"
"730","2012","12","31","0.421052631578947","0.578947368421053"
"731","2013","1","1","0.443935926773455","0.556064073226545"
"732","2013","1","2","0.521739130434783","0.478260869565217"
"733","2013","1","3","0.590389016018307","0.409610983981693"
"734","2013","1","4","0.784897025171625","0.215102974828375"
"735","2013","1","5","0.929061784897025","0.0709382151029748"
"736","2013","1","6","0.951945080091533","0.0480549199084668"
"737","2013","1","7","0.965675057208238","0.034324942791762"
"738","2013","1","8","0.956521739130435","0.0434782608695652"
"739","2013","1","9","0.951945080091533","0.0480549199084668"
"740","2013","1","10","0.949656750572082","0.0503432494279176"
"741","2013","1","11","0.947368421052632","0.0526315789473684"
"742","2013","1","12","0.945080091533181","0.0549199084668192"
"743","2013","1","13","0.929061784897025","0.0709382151029748"
"744","2013","1","14","0.910755148741419","0.0892448512585812"
"745","2013","1","15","0.910755148741419","0.0892448512585812"
"746","2013","1","16","0.910755148741419","0.0892448512585812"
"747","2013","1","17","0.91533180778032","0.0846681922196796"
"748","2013","1","18","0.901601830663616","0.0983981693363844"
"749","2013","1","19","0.903890160183066","0.0961098398169336"
"750","2013","1","20","0.805491990846682","0.194508009153318"
"751","2013","1","21","0.768878718535469","0.231121281464531"
"752","2013","1","22","0.784897025171625","0.215102974828375"
"753","2013","1","23","0.839816933638444","0.160183066361556"
"754","2013","1","24","0.903890160183066","0.0961098398169336"
"755","2013","1","25","0.986270022883295","0.0137299771167048"
"756","2013","1","26","1","0"
"757","2013","1","27","1","0"
"758","2013","1","28","1","0"
"759","2013","1","29","1","0"
"760","2013","1","30","1","0"
"761","2013","1","31","1","0"
"762","2013","2","1","1","0"
"763","2013","2","2","1","0"
"764","2013","2","3","0.977116704805492","0.022883295194508"
"765","2013","2","4","0.979405034324943","0.0205949656750572"
"766","2013","2","5","0.97254004576659","0.0274599542334096"
"767","2013","2","6","0.963386727688787","0.0366132723112128"
"768","2013","2","7","0.979405034324943","0.0205949656750572"
"769","2013","2","8","0.981693363844394","0.0183066361556064"
"770","2013","2","9","0.990846681922197","0.0091533180778032"
"771","2013","2","10","0.990846681922197","0.0091533180778032"
"772","2013","2","11","0.993135011441648","0.0068649885583524"
"773","2013","2","12","0.995423340961098","0.0045766590389016"
"774","2013","2","13","0.990846681922197","0.0091533180778032"
"775","2013","2","14","0.990846681922197","0.0091533180778032"
"776","2013","2","15","0.990846681922197","0.0091533180778032"
"777","2013","2","16","0.988558352402746","0.011441647597254"
"778","2013","2","17","0.990846681922197","0.0091533180778032"
"779","2013","2","18","0.990846681922197","0.0091533180778032"
"780","2013","2","19","0.990846681922197","0.0091533180778032"
"781","2013","2","20","0.990846681922197","0.0091533180778032"
"782","2013","2","21","0.990846681922197","0.0091533180778032"
"783","2013","2","22","0.995423340961098","0.0045766590389016"
"784","2013","2","23","0.995423340961098","0.0045766590389016"
"785","2013","2","24","0.995423340961098","0.0045766590389016"
"786","2013","2","25","0.993135011441648","0.0068649885583524"
"787","2013","2","26","0.993135011441648","0.0068649885583524"
"788","2013","2","27","0.990846681922197","0.0091533180778032"
"789","2013","2","28","0.990846681922197","0.0091533180778032"
"790","2013","3","1","0.981693363844394","0.0183066361556064"
"791","2013","3","2","0.977116704805492","0.022883295194508"
"792","2013","3","3","0.977116704805492","0.022883295194508"
"793","2013","3","4","0.977116704805492","0.022883295194508"
"794","2013","3","5","0.977116704805492","0.022883295194508"
"795","2013","3","6","0.97254004576659","0.0274599542334096"
"796","2013","3","7","0.97254004576659","0.0274599542334096"
"797","2013","3","8","0.97254004576659","0.0274599542334096"
"798","2013","3","9","0.977116704805492","0.022883295194508"
"799","2013","3","10","0.97254004576659","0.0274599542334096"
"800","2013","3","11","0.97254004576659","0.0274599542334096"
"801","2013","3","12","0.97025171624714","0.0297482837528604"
"802","2013","3","13","0.94279176201373","0.05720823798627"
"803","2013","3","14","0.945080091533181","0.0549199084668192"
"804","2013","3","15","0.945080091533181","0.0549199084668192"
"805","2013","3","16","0.938215102974828","0.0617848970251716"
"806","2013","3","17","0.938215102974828","0.0617848970251716"
"807","2013","3","18","0.919908466819222","0.080091533180778"
"808","2013","3","19","0.919908466819222","0.080091533180778"
"809","2013","3","20","0.933638443935927","0.0663615560640732"
"810","2013","3","21","0.924485125858124","0.0755148741418764"
"811","2013","3","22","0.91533180778032","0.0846681922196796"
"812","2013","3","23","0.924485125858124","0.0755148741418764"
"813","2013","3","24","0.917620137299771","0.0823798627002288"
"814","2013","3","25","0.917620137299771","0.0823798627002288"
"815","2013","3","26","0.917620137299771","0.0823798627002288"
"816","2013","3","27","0.901601830663616","0.0983981693363844"
"817","2013","3","28","0.88558352402746","0.11441647597254"
"818","2013","3","29","0.91533180778032","0.0846681922196796"
"819","2013","3","30","0.887871853546911","0.112128146453089"
"820","2013","3","31","0.816933638443936","0.183066361556064"
"821","2013","4","1","0.775743707093821","0.224256292906178"
"822","2013","4","2","0.757437070938215","0.242562929061785"
"823","2013","4","3","0.745995423340961","0.254004576659039"
"824","2013","4","4","0.748283752860412","0.251716247139588"
"825","2013","4","5","0.745995423340961","0.254004576659039"
"826","2013","4","6","0.74141876430206","0.258581235697941"
"827","2013","4","7","0.734553775743707","0.265446224256293"
"828","2013","4","8","0.74370709382151","0.25629290617849"
"829","2013","4","9","0.684210526315789","0.315789473684211"
"830","2013","4","10","0.640732265446224","0.359267734553776"
"831","2013","4","11","0.366132723112128","0.633867276887872"
"832","2013","4","12","0.526315789473684","0.473684210526316"
"833","2013","4","13","0.521739130434783","0.478260869565217"
"834","2013","4","14","0.354691075514874","0.645308924485126"
"835","2013","4","15","0.265446224256293","0.734553775743707"
"836","2013","4","16","0.265446224256293","0.734553775743707"
"837","2013","4","17","0.251716247139588","0.748283752860412"
"838","2013","4","18","0.169336384439359","0.830663615560641"
"839","2013","4","19","0.221967963386728","0.778032036613272"
"840","2013","4","20","0.0823798627002288","0.917620137299771"
"841","2013","4","21","0.0297482837528604","0.97025171624714"
"842","2013","4","22","0.0251716247139588","0.974828375286041"
"843","2013","4","23","0.0251716247139588","0.974828375286041"
"844","2013","4","24","0.0251716247139588","0.974828375286041"
"845","2013","4","25","0.0137299771167048","0.986270022883295"
"846","2013","4","26","0.011441647597254","0.988558352402746"
"847","2013","4","27","0","1"
"848","2013","4","28","0","1"
"849","2013","4","29","0","1"
"850","2013","4","30","0","1"
"851","2013","5","1","0","1"
"852","2013","5","2","0","1"
"853","2013","5","3","0","1"
"854","2013","5","4","0","1"
"855","2013","5","5","0","1"
"856","2013","5","6","0","1"
"857","2013","5","7","0","1"
"858","2013","5","8","0","1"
"859","2013","5","9","0","1"
"860","2013","5","10","0","1"
"861","2013","5","11","0","1"
"862","2013","5","12","0","1"
"863","2013","5","13","0","1"
"864","2013","5","14","0","1"
"865","2013","5","15","0","1"
"866","2013","5","16","0","1"
"867","2013","5","17","0","1"
"868","2013","5","18","0","1"
"869","2013","5","19","0","1"
"870","2013","5","20","0","1"
"871","2013","5","21","0","1"
"872","2013","5","22","0","1"
"873","2013","5","23","0","1"
"874","2013","5","24","0","1"
"875","2013","5","25","0","1"
"876","2013","5","26","0","1"
"877","2013","5","27","0","1"
"878","2013","5","28","0","1"
"879","2013","5","29","0","1"
"880","2013","5","30","0","1"
"881","2013","5","31","0","1"
"882","2013","6","1","0","1"
"883","2013","6","2","0","1"
"884","2013","6","3","0","1"
"885","2013","6","4","0","1"
"886","2013","6","5","0","1"
"887","2013","6","6","0","1"
"888","2013","6","7","0","1"
"889","2013","6","8","0","1"
"890","2013","6","9","0","1"
"891","2013","6","10","0","1"
"892","2013","6","11","0","1"
"893","2013","6","12","0","1"
"894","2013","6","13","0","1"
"895","2013","6","14","0","1"
"896","2013","6","15","0","1"
"897","2013","6","16","0","1"
"898","2013","6","17","0","1"
"899","2013","6","18","0","1"
"900","2013","6","19","0","1"
"901","2013","6","20","0","1"
"902","2013","6","21","0","1"
"903","2013","6","22","0","1"
"904","2013","6","23","0","1"
"905","2013","6","24","0","1"
"906","2013","6","25","0","1"
"907","2013","6","26","0","1"
"908","2013","6","27","0","1"
"909","2013","6","28","0","1"
"910","2013","6","29","0","1"
"911","2013","6","30","0","1"
"912","2013","7","1","0","1"
"913","2013","7","2","0","1"
"914","2013","7","3","0","1"
"915","2013","7","4","0","1"
"916","2013","7","5","0","1"
"917","2013","7","6","0","1"
"918","2013","7","7","0","1"
"919","2013","7","8","0","1"
"920","2013","7","9","0","1"
"921","2013","7","10","0","1"
"922","2013","7","11","0","1"
"923","2013","7","12","0","1"
"924","2013","7","13","0","1"
"925","2013","7","14","0","1"
"926","2013","7","15","0","1"
"927","2013","7","16","0","1"
"928","2013","7","17","0","1"
"929","2013","7","18","0","1"
"930","2013","7","19","0","1"
"931","2013","7","20","0","1"
"932","2013","7","21","0","1"
"933","2013","7","22","0","1"
"934","2013","7","23","0","1"
"935","2013","7","24","0","1"
"936","2013","7","25","0","1"
"937","2013","7","26","0","1"
"938","2013","7","27","0","1"
"939","2013","7","28","0","1"
"940","2013","7","29","0","1"
"941","2013","7","30","0","1"
"942","2013","7","31","0","1"
"943","2013","8","1","0","1"
"944","2013","8","2","0","1"
"945","2013","8","3","0","1"
"946","2013","8","4","0","1"
"947","2013","8","5","0","1"
"948","2013","8","6","0","1"
"949","2013","8","7","0","1"
"950","2013","8","8","0","1"
"951","2013","8","9","0","1"
"952","2013","8","10","0","1"
"953","2013","8","11","0","1"
"954","2013","8","12","0","1"
"955","2013","8","13","0","1"
"956","2013","8","14","0","1"
"957","2013","8","15","0","1"
"958","2013","8","16","0","1"
"959","2013","8","17","0","1"
"960","2013","8","18","0","1"
"961","2013","8","19","0","1"
"962","2013","8","20","0","1"
"963","2013","8","21","0","1"
"964","2013","8","22","0","1"
"965","2013","8","23","0","1"
"966","2013","8","24","0","1"
"967","2013","8","25","0","1"
"968","2013","8","26","0","1"
"969","2013","8","27","0","1"
"970","2013","8","28","0","1"
"971","2013","8","29","0","1"
"972","2013","8","30","0","1"
"973","2013","8","31","0","1"
"974","2013","9","1","0","1"
"975","2013","9","2","0","1"
"976","2013","9","3","0","1"
"977","2013","9","4","0","1"
"978","2013","9","5","0","1"
"979","2013","9","6","0","1"
"980","2013","9","7","0","1"
"981","2013","9","8","0","1"
"982","2013","9","9","0","1"
"983","2013","9","10","0","1"
"984","2013","9","11","0","1"
"985","2013","9","12","0","1"
"986","2013","9","13","0","1"
"987","2013","9","14","0","1"
"988","2013","9","15","0","1"
"989","2013","9","16","0","1"
"990","2013","9","17","0","1"
"991","2013","9","18","0","1"
"992","2013","9","19","0","1"
"993","2013","9","20","0","1"
"994","2013","9","21","0","1"
"995","2013","9","22","0","1"
"996","2013","9","23","0","1"
"997","2013","9","24","0","1"
"998","2013","9","25","0","1"
"999","2013","9","26","0","1"
"1000","2013","9","27","0","1"
"1001","2013","9","28","0","1"
"1002","2013","9","29","0","1"
"1003","2013","9","30","0","1"
"1004","2013","10","1","0","1"
"1005","2013","10","2","0","1"
"1006","2013","10","3","0","1"
"1007","2013","10","4","0","1"
"1008","2013","10","5","0","1"
"1009","2013","10","6","0","1"
"1010","2013","10","7","0","1"
"1011","2013","10","8","0","1"
"1012","2013","10","9","0","1"
"1013","2013","10","10","0","1"
"1014","2013","10","11","0","1"
"1015","2013","10","12","0","1"
"1016","2013","10","13","0","1"
"1017","2013","10","14","0","1"
"1018","2013","10","15","0","1"
"1019","2013","10","16","0","1"
"1020","2013","10","17","0","1"
"1021","2013","10","18","0","1"
"1022","2013","10","19","0","1"
"1023","2013","10","20","0","1"
"1024","2013","10","21","0","1"
"1025","2013","10","22","0","1"
"1026","2013","10","23","0","1"
"1027","2013","10","24","0","1"
"1028","2013","10","25","0","1"
"1029","2013","10","26","0","1"
"1030","2013","10","27","0","1"
"1031","2013","10","28","0","1"
"1032","2013","10","29","0","1"
"1033","2013","10","30","0","1"
"1034","2013","10","31","0","1"
"1035","2013","11","1","0","1"
"1036","2013","11","2","0","1"
"1037","2013","11","3","0","1"
"1038","2013","11","4","0","1"
"1039","2013","11","5","0","1"
"1040","2013","11","6","0","1"
"1041","2013","11","7","0","1"
"1042","2013","11","8","0","1"
"1043","2013","11","9","0","1"
"1044","2013","11","10","0","1"
"1045","2013","11","11","0","1"
"1046","2013","11","12","0","1"
"1047","2013","11","13","0","1"
"1048","2013","11","14","0","1"
"1049","2013","11","15","0","1"
"1050","2013","11","16","0","1"
"1051","2013","11","17","0","1"
"1052","2013","11","18","0","1"
"1053","2013","11","19","0","1"
"1054","2013","11","20","0","1"
"1055","2013","11","21","0","1"
"1056","2013","11","22","0","1"
"1057","2013","11","23","0","1"
"1058","2013","11","24","0","1"
"1059","2013","11","25","0","1"
"1060","2013","11","26","0","1"
"1061","2013","11","27","0.034324942791762","0.965675057208238"
"1062","2013","11","28","0.0022883295194508","0.997711670480549"
"1063","2013","11","29","0","1"
"1064","2013","11","30","0.0091533180778032","0.990846681922197"
"1065","2013","12","1","0.183066361556064","0.816933638443936"
"1066","2013","12","2","0.249427917620137","0.750572082379863"
"1067","2013","12","3","0.22883295194508","0.77116704805492"
"1068","2013","12","4","0.217391304347826","0.782608695652174"
"1069","2013","12","5","0.19908466819222","0.80091533180778"
"1070","2013","12","6","0.20137299771167","0.79862700228833"
"1071","2013","12","7","0.178489702517162","0.821510297482838"
"1072","2013","12","8","0.1441647597254","0.8558352402746"
"1073","2013","12","9","0.153318077803204","0.846681922196796"
"1074","2013","12","10","0.196796338672769","0.803203661327231"
"1075","2013","12","11","0.208237986270023","0.791762013729977"
"1076","2013","12","12","0.25629290617849","0.74370709382151"
"1077","2013","12","13","0.395881006864989","0.604118993135011"
"1078","2013","12","14","0.601830663615561","0.398169336384439"
"1079","2013","12","15","0.668192219679634","0.331807780320366"
"1080","2013","12","16","0.757437070938215","0.242562929061785"
"1081","2013","12","17","0.844393592677345","0.155606407322654"
"1082","2013","12","18","0.931350114416476","0.068649885583524"
"1083","2013","12","19","0.97254004576659","0.0274599542334096"
"1084","2013","12","20","0.977116704805492","0.022883295194508"
"1085","2013","12","21","0.974828375286041","0.0251716247139588"
"1086","2013","12","22","0.947368421052632","0.0526315789473684"
"1087","2013","12","23","0.917620137299771","0.0823798627002288"
"1088","2013","12","24","0.897025171624714","0.102974828375286"
"1089","2013","12","25","0.871853546910755","0.128146453089245"
"1090","2013","12","26","0.867276887871854","0.132723112128146"
"1091","2013","12","27","0.864988558352403","0.135011441647597"
"1092","2013","12","28","0.803203661327231","0.196796338672769"
"1093","2013","12","29","0.752860411899314","0.247139588100687"
"1094","2013","12","30","0.74370709382151","0.25629290617849"
"1095","2013","12","31","0.762013729977117","0.237986270022883"
"1096","2014","1","1","0.766590389016018","0.233409610983982"
"1097","2014","1","2","0.773455377574371","0.226544622425629"
"1098","2014","1","3","0.819221967963387","0.180778032036613"
"1099","2014","1","4","0.94279176201373","0.05720823798627"
"1100","2014","1","5","0.997711670480549","0.0022883295194508"
"1101","2014","1","6","1","0"
"1102","2014","1","7","0.995423340961098","0.0045766590389016"
"1103","2014","1","8","0.997711670480549","0.0022883295194508"
"1104","2014","1","9","1","0"
"1105","2014","1","10","1","0"
"1106","2014","1","11","1","0"
"1107","2014","1","12","1","0"
"1108","2014","1","13","1","0"
"1109","2014","1","14","1","0"
"1110","2014","1","15","1","0"
"1111","2014","1","16","1","0"
"1112","2014","1","17","1","0"
"1113","2014","1","18","1","0"
"1114","2014","1","19","1","0"
"1115","2014","1","20","1","0"
"1116","2014","1","21","1","0"
"1117","2014","1","22","1","0"
"1118","2014","1","23","1","0"
"1119","2014","1","24","1","0"
"1120","2014","1","25","1","0"
"1121","2014","1","26","1","0"
"1122","2014","1","27","1","0"
"1123","2014","1","28","1","0"
"1124","2014","1","29","1","0"
"1125","2014","1","30","1","0"
"1126","2014","1","31","1","0"
"1127","2014","2","1","1","0"
"1128","2014","2","2","1","0"
"1129","2014","2","3","1","0"
"1130","2014","2","4","1","0"
"1131","2014","2","5","1","0"
"1132","2014","2","6","1","0"
"1133","2014","2","7","1","0"
"1134","2014","2","8","1","0"
"1135","2014","2","9","1","0"
"1136","2014","2","10","1","0"
"1137","2014","2","11","1","0"
"1138","2014","2","12","1","0"
"1139","2014","2","13","1","0"
"1140","2014","2","14","1","0"
"1141","2014","2","15","1","0"
"1142","2014","2","16","1","0"
"1143","2014","2","17","1","0"
"1144","2014","2","18","1","0"
"1145","2014","2","19","1","0"
"1146","2014","2","20","1","0"
"1147","2014","2","21","1","0"
"1148","2014","2","22","1","0"
"1149","2014","2","23","1","0"
"1150","2014","2","24","1","0"
"1151","2014","2","25","1","0"
"1152","2014","2","26","1","0"
"1153","2014","2","27","1","0"
"1154","2014","2","28","1","0"
"1155","2014","3","1","1","0"
"1156","2014","3","2","1","0"
"1157","2014","3","3","1","0"
"1158","2014","3","4","1","0"
"1159","2014","3","5","1","0"
"1160","2014","3","6","1","0"
"1161","2014","3","7","1","0"
"1162","2014","3","8","1","0"
"1163","2014","3","9","1","0"
"1164","2014","3","10","1","0"
"1165","2014","3","11","1","0"
"1166","2014","3","12","1","0"
"1167","2014","3","13","1","0"
"1168","2014","3","14","1","0"
"1169","2014","3","15","1","0"
"1170","2014","3","16","1","0"
"1171","2014","3","17","1","0"
"1172","2014","3","18","1","0"
"1173","2014","3","19","1","0"
"1174","2014","3","20","1","0"
"1175","2014","3","21","1","0"
"1176","2014","3","22","1","0"
"1177","2014","3","23","1","0"
"1178","2014","3","24","1","0"
"1179","2014","3","25","1","0"
"1180","2014","3","26","1","0"
"1181","2014","3","27","1","0"
"1182","2014","3","28","1","0"
"1183","2014","3","29","1","0"
"1184","2014","3","30","1","0"
"1185","2014","3","31","1","0"
"1186","2014","4","1","1","0"
"1187","2014","4","2","1","0"
"1188","2014","4","3","0.986270022883295","0.0137299771167048"
"1189","2014","4","4","0.97025171624714","0.0297482837528604"
"1190","2014","4","5","0.97025171624714","0.0297482837528604"
"1191","2014","4","6","0.967963386727689","0.0320366132723112"
"1192","2014","4","7","0.97025171624714","0.0297482837528604"
"1193","2014","4","8","0.887871853546911","0.112128146453089"
"1194","2014","4","9","0.787185354691076","0.212814645308924"
"1195","2014","4","10","0.796338672768879","0.203661327231121"
"1196","2014","4","11","0.773455377574371","0.226544622425629"
"1197","2014","4","12","0.716247139588101","0.283752860411899"
"1198","2014","4","13","0.627002288329519","0.372997711670481"
"1199","2014","4","14","0.489702517162471","0.510297482837529"
"1200","2014","4","15","0.347826086956522","0.652173913043478"
"1201","2014","4","16","0.311212814645309","0.688787185354691"
"1202","2014","4","17","0.320366132723112","0.679633867276888"
"1203","2014","4","18","0.391304347826087","0.608695652173913"
"1204","2014","4","19","0.386727688787185","0.613272311212815"
"1205","2014","4","20","0.345537757437071","0.654462242562929"
"1206","2014","4","21","0.340961098398169","0.659038901601831"
"1207","2014","4","22","0.290617848970252","0.709382151029748"
"1208","2014","4","23","0.290617848970252","0.709382151029748"
"1209","2014","4","24","0.28604118993135","0.71395881006865"
"1210","2014","4","25","0.283752860411899","0.716247139588101"
"1211","2014","4","26","0.299771167048055","0.700228832951945"
"1212","2014","4","27","0.281464530892448","0.718535469107552"
"1213","2014","4","28","0.267734553775744","0.732265446224256"
"1214","2014","4","29","0.25629290617849","0.74370709382151"
"1215","2014","4","30","0.244851258581236","0.755148741418764"
"1216","2014","5","1","0.19908466819222","0.80091533180778"
"1217","2014","5","2","0.102974828375286","0.897025171624714"
"1218","2014","5","3","0.0663615560640732","0.933638443935927"
"1219","2014","5","4","0.167048054919908","0.832951945080092"
"1220","2014","5","5","0.0022883295194508","0.997711670480549"
"1221","2014","5","6","0","1"
"1222","2014","5","7","0","1"
"1223","2014","5","8","0","1"
"1224","2014","5","9","0","1"
"1225","2014","5","10","0","1"
"1226","2014","5","11","0","1"
"1227","2014","5","12","0","1"
"1228","2014","5","13","0","1"
"1229","2014","5","14","0","1"
"1230","2014","5","15","0","1"
"1231","2014","5","16","0","1"
"1232","2014","5","17","0","1"
"1233","2014","5","18","0","1"
"1234","2014","5","19","0","1"
"1235","2014","5","20","0","1"
"1236","2014","5","21","0","1"
"1237","2014","5","22","0","1"
"1238","2014","5","23","0","1"
"1239","2014","5","24","0","1"
"1240","2014","5","25","0","1"
"1241","2014","5","26","0","1"
"1242","2014","5","27","0","1"
"1243","2014","5","28","0","1"
"1244","2014","5","29","0","1"
"1245","2014","5","30","0","1"
"1246","2014","5","31","0","1"
"1247","2014","6","1","0","1"
"1248","2014","6","2","0","1"
"1249","2014","6","3","0","1"
"1250","2014","6","4","0","1"
"1251","2014","6","5","0","1"
"1252","2014","6","6","0","1"
"1253","2014","6","7","0","1"
"1254","2014","6","8","0","1"
"1255","2014","6","9","0","1"
"1256","2014","6","10","0","1"
"1257","2014","6","11","0","1"
"1258","2014","6","12","0","1"
"1259","2014","6","13","0","1"
"1260","2014","6","14","0","1"
"1261","2014","6","15","0","1"
"1262","2014","6","16","0","1"
"1263","2014","6","17","0","1"
"1264","2014","6","18","0","1"
"1265","2014","6","19","0","1"
"1266","2014","6","20","0","1"
"1267","2014","6","21","0","1"
"1268","2014","6","22","0","1"
"1269","2014","6","23","0","1"
"1270","2014","6","24","0","1"
"1271","2014","6","25","0","1"
"1272","2014","6","26","0","1"
"1273","2014","6","27","0","1"
"1274","2014","6","28","0","1"
"1275","2014","6","29","0","1"
"1276","2014","6","30","0","1"
"1277","2014","7","1","0","1"
"1278","2014","7","2","0","1"
"1279","2014","7","3","0","1"
"1280","2014","7","4","0","1"
"1281","2014","7","5","0","1"
"1282","2014","7","6","0","1"
"1283","2014","7","7","0","1"
"1284","2014","7","8","0","1"
"1285","2014","7","9","0","1"
"1286","2014","7","10","0","1"
"1287","2014","7","11","0","1"
"1288","2014","7","12","0","1"
"1289","2014","7","13","0","1"
"1290","2014","7","14","0","1"
"1291","2014","7","15","0","1"
"1292","2014","7","16","0","1"
"1293","2014","7","17","0","1"
"1294","2014","7","18","0","1"
"1295","2014","7","19","0","1"
"1296","2014","7","20","0","1"
"1297","2014","7","21","0","1"
"1298","2014","7","22","0","1"
"1299","2014","7","23","0","1"
"1300","2014","7","24","0","1"
"1301","2014","7","25","0","1"
"1302","2014","7","26","0","1"
"1303","2014","7","27","0","1"
"1304","2014","7","28","0","1"
"1305","2014","7","29","0","1"
"1306","2014","7","30","0","1"
"1307","2014","7","31","0","1"
"1308","2014","8","1","0","1"
"1309","2014","8","2","0","1"
"1310","2014","8","3","0","1"
"1311","2014","8","4","0","1"
"1312","2014","8","5","0","1"
"1313","2014","8","6","0","1"
"1314","2014","8","7","0","1"
"1315","2014","8","8","0","1"
"1316","2014","8","9","0","1"
"1317","2014","8","10","0","1"
"1318","2014","8","11","0","1"
"1319","2014","8","12","0","1"
"1320","2014","8","13","0","1"
"1321","2014","8","14","0","1"
"1322","2014","8","15","0","1"
"1323","2014","8","16","0","1"
"1324","2014","8","17","0","1"
"1325","2014","8","18","0","1"
"1326","2014","8","19","0","1"
"1327","2014","8","20","0","1"
"1328","2014","8","21","0","1"
"1329","2014","8","22","0","1"
"1330","2014","8","23","0","1"
"1331","2014","8","24","0","1"
"1332","2014","8","25","0","1"
"1333","2014","8","26","0","1"
"1334","2014","8","27","0","1"
"1335","2014","8","28","0","1"
"1336","2014","8","29","0","1"
"1337","2014","8","30","0","1"
"1338","2014","8","31","0","1"
"1339","2014","9","1","0","1"
"1340","2014","9","2","0","1"
"1341","2014","9","3","0","1"
"1342","2014","9","4","0","1"
"1343","2014","9","5","0","1"
"1344","2014","9","6","0","1"
"1345","2014","9","7","0","1"
"1346","2014","9","8","0","1"
"1347","2014","9","9","0","1"
"1348","2014","9","10","0","1"
"1349","2014","9","11","0","1"
"1350","2014","9","12","0","1"
"1351","2014","9","13","0","1"
"1352","2014","9","14","0","1"
"1353","2014","9","15","0","1"
"1354","2014","9","16","0","1"
"1355","2014","9","17","0","1"
"1356","2014","9","18","0","1"
"1357","2014","9","19","0","1"
"1358","2014","9","20","0","1"
"1359","2014","9","21","0","1"
"1360","2014","9","22","0","1"
"1361","2014","9","23","0","1"
"1362","2014","9","24","0","1"
"1363","2014","9","25","0","1"
"1364","2014","9","26","0","1"
"1365","2014","9","27","0","1"
"1366","2014","9","28","0","1"
"1367","2014","9","29","0","1"
"1368","2014","9","30","0","1"
"1369","2014","10","1","0","1"
"1370","2014","10","2","0","1"
"1371","2014","10","3","0","1"
"1372","2014","10","4","0","1"
"1373","2014","10","5","0","1"
"1374","2014","10","6","0","1"
"1375","2014","10","7","0","1"
"1376","2014","10","8","0","1"
"1377","2014","10","9","0","1"
"1378","2014","10","10","0","1"
"1379","2014","10","11","0","1"
"1380","2014","10","12","0","1"
"1381","2014","10","13","0","1"
"1382","2014","10","14","0","1"
"1383","2014","10","15","0","1"
"1384","2014","10","16","0","1"
"1385","2014","10","17","0","1"
"1386","2014","10","18","0","1"
"1387","2014","10","19","0","1"
"1388","2014","10","20","0","1"
"1389","2014","10","21","0","1"
"1390","2014","10","22","0","1"
"1391","2014","10","23","0","1"
"1392","2014","10","24","0","1"
"1393","2014","10","25","0","1"
"1394","2014","10","26","0","1"
"1395","2014","10","27","0","1"
"1396","2014","10","28","0","1"
"1397","2014","10","29","0","1"
"1398","2014","10","30","0","1"
"1399","2014","10","31","0","1"
"1400","2014","11","1","0","1"
"1401","2014","11","2","0","1"
"1402","2014","11","3","0","1"
"1403","2014","11","4","0","1"
"1404","2014","11","5","0","1"
"1405","2014","11","6","0","1"
"1406","2014","11","7","0","1"
"1407","2014","11","8","0","1"
"1408","2014","11","9","0","1"
"1409","2014","11","10","0","1"
"1410","2014","11","11","0","1"
"1411","2014","11","12","0","1"
"1412","2014","11","13","0","1"
"1413","2014","11","14","0","1"
"1414","2014","11","15","0","1"
"1415","2014","11","16","0","1"
"1416","2014","11","17","0","1"
"1417","2014","11","18","0","1"
"1418","2014","11","19","0","1"
"1419","2014","11","20","0","1"
"1420","2014","11","21","0","1"
"1421","2014","11","22","0.0320366132723112","0.967963386727689"
"1422","2014","11","23","0.0732265446224256","0.926773455377574"
"1423","2014","11","24","0.0594965675057208","0.940503432494279"
"1424","2014","11","25","0.0251716247139588","0.974828375286041"
"1425","2014","11","26","0.0205949656750572","0.979405034324943"
"1426","2014","11","27","0.0137299771167048","0.986270022883295"
"1427","2014","11","28","0.011441647597254","0.988558352402746"
"1428","2014","11","29","0.0045766590389016","0.995423340961098"
"1429","2014","11","30","0.0045766590389016","0.995423340961098"
"1430","2014","12","1","0","1"
"1431","2014","12","2","0","1"
"1432","2014","12","3","0","1"
"1433","2014","12","4","0","1"
"1434","2014","12","5","0","1"
"1435","2014","12","6","0.0297482837528604","0.97025171624714"
"1436","2014","12","7","0.0389016018306636","0.961098398169336"
"1437","2014","12","8","0.0503432494279176","0.949656750572082"
"1438","2014","12","9","0.068649885583524","0.931350114416476"
"1439","2014","12","10","0.0526315789473684","0.947368421052632"
"1440","2014","12","11","0.034324942791762","0.965675057208238"
"1441","2014","12","12","0.0183066361556064","0.981693363844394"
"1442","2014","12","13","0.0160183066361556","0.983981693363844"
"1443","2014","12","14","0.0091533180778032","0.990846681922197"
"1444","2014","12","15","0.0160183066361556","0.983981693363844"
"1445","2014","12","16","0.0160183066361556","0.983981693363844"
"1446","2014","12","17","0.0091533180778032","0.990846681922197"
"1447","2014","12","18","0.0091533180778032","0.990846681922197"
"1448","2014","12","19","0.0091533180778032","0.990846681922197"
"1449","2014","12","20","0.0068649885583524","0.993135011441648"
"1450","2014","12","21","0.0091533180778032","0.990846681922197"
"1451","2014","12","22","0.0091533180778032","0.990846681922197"
"1452","2014","12","23","0.0091533180778032","0.990846681922197"
"1453","2014","12","24","0.0091533180778032","0.990846681922197"
"1454","2014","12","25","0.0183066361556064","0.981693363844394"
"1455","2014","12","26","0.022883295194508","0.977116704805492"
"1456","2014","12","27","0.0183066361556064","0.981693363844394"
"1457","2014","12","28","0.0183066361556064","0.981693363844394"
"1458","2014","12","29","0.0183066361556064","0.981693363844394"
"1459","2014","12","30","0.0297482837528604","0.97025171624714"
"1460","2014","12","31","0.0846681922196796","0.91533180778032"
"1461","2015","1","1","0.240274599542334","0.759725400457666"
"1462","2015","1","2","0.267734553775744","0.732265446224256"
"1463","2015","1","3","0.540045766590389","0.459954233409611"
"1464","2015","1","4","0.585812356979405","0.414187643020595"
"1465","2015","1","5","0.562929061784897","0.437070938215103"
"1466","2015","1","6","0.562929061784897","0.437070938215103"
"1467","2015","1","7","0.601830663615561","0.398169336384439"
"1468","2015","1","8","0.759725400457666","0.240274599542334"
"1469","2015","1","9","0.91304347826087","0.0869565217391304"
"1470","2015","1","10","0.997711670480549","0.0022883295194508"
"1471","2015","1","11","1","0"
"1472","2015","1","12","1","0"
"1473","2015","1","13","1","0"
"1474","2015","1","14","1","0"
"1475","2015","1","15","1","0"
"1476","2015","1","16","1","0"
"1477","2015","1","17","1","0"
"1478","2015","1","18","1","0"
"1479","2015","1","19","1","0"
"1480","2015","1","20","1","0"
"1481","2015","1","21","1","0"
"1482","2015","1","22","1","0"
"1483","2015","1","23","1","0"
"1484","2015","1","24","1","0"
"1485","2015","1","25","0.997711670480549","0.0022883295194508"
"1486","2015","1","26","0.997711670480549","0.0022883295194508"
"1487","2015","1","27","0.993135011441648","0.0068649885583524"
"1488","2015","1","28","0.995423340961098","0.0045766590389016"
"1489","2015","1","29","0.995423340961098","0.0045766590389016"
"1490","2015","1","30","0.997711670480549","0.0022883295194508"
"1491","2015","1","31","0.997711670480549","0.0022883295194508"
"1492","2015","2","1","0.997711670480549","0.0022883295194508"
"1493","2015","2","2","1","0"
"1494","2015","2","3","1","0"
"1495","2015","2","4","1","0"
"1496","2015","2","5","1","0"
"1497","2015","2","6","1","0"
"1498","2015","2","7","1","0"
"1499","2015","2","8","1","0"
"1500","2015","2","9","1","0"
"1501","2015","2","10","1","0"
"1502","2015","2","11","1","0"
"1503","2015","2","12","1","0"
"1504","2015","2","13","1","0"
"1505","2015","2","14","1","0"
"1506","2015","2","15","1","0"
"1507","2015","2","16","1","0"
"1508","2015","2","17","1","0"
"1509","2015","2","18","1","0"
"1510","2015","2","19","1","0"
"1511","2015","2","20","1","0"
"1512","2015","2","21","1","0"
"1513","2015","2","22","1","0"
"1514","2015","2","23","1","0"
"1515","2015","2","24","1","0"
"1516","2015","2","25","1","0"
"1517","2015","2","26","1","0"
"1518","2015","2","27","1","0"
"1519","2015","2","28","1","0"
"1520","2015","3","1","1","0"
"1521","2015","3","2","1","0"
"1522","2015","3","3","1","0"
"1523","2015","3","4","1","0"
"1524","2015","3","5","1","0"
"1525","2015","3","6","1","0"
"1526","2015","3","7","1","0"
"1527","2015","3","8","1","0"
"1528","2015","3","9","1","0"
"1529","2015","3","10","1","0"
"1530","2015","3","11","1","0"
"1531","2015","3","12","1","0"
"1532","2015","3","13","1","0"
"1533","2015","3","14","1","0"
"1534","2015","3","15","1","0"
"1535","2015","3","16","1","0"
"1536","2015","3","17","1","0"
"1537","2015","3","18","1","0"
"1538","2015","3","19","1","0"
"1539","2015","3","20","1","0"
"1540","2015","3","21","1","0"
"1541","2015","3","22","1","0"
"1542","2015","3","23","1","0"
"1543","2015","3","24","1","0"
"1544","2015","3","25","1","0"
"1545","2015","3","26","1","0"
"1546","2015","3","27","1","0"
"1547","2015","3","28","1","0"
"1548","2015","3","29","1","0"
"1549","2015","3","30","1","0"
"1550","2015","3","31","1","0"
"1551","2015","4","1","1","0"
"1552","2015","4","2","1","0"
"1553","2015","4","3","1","0"
"1554","2015","4","4","1","0"
"1555","2015","4","5","1","0"
"1556","2015","4","6","1","0"
"1557","2015","4","7","1","0"
"1558","2015","4","8","1","0"
"1559","2015","4","9","1","0"
"1560","2015","4","10","0.979405034324943","0.0205949656750572"
"1561","2015","4","11","0.97254004576659","0.0274599542334096"
"1562","2015","4","12","0.97025171624714","0.0297482837528604"
"1563","2015","4","13","0.814645308924485","0.185354691075515"
"1564","2015","4","14","0.917620137299771","0.0823798627002288"
"1565","2015","4","15","0.718535469107552","0.281464530892448"
"1566","2015","4","16","0.723112128146453","0.276887871853547"
"1567","2015","4","17","0.677345537757437","0.322654462242563"
"1568","2015","4","18","0.560640732265446","0.439359267734554"
"1569","2015","4","19","0.54233409610984","0.45766590389016"
"1570","2015","4","20","0.496567505720824","0.503432494279176"
"1571","2015","4","21","0.434782608695652","0.565217391304348"
"1572","2015","4","22","0.274599542334096","0.725400457665904"
"1573","2015","4","23","0.162471395881007","0.837528604118993"
"1574","2015","4","24","0.272311212814645","0.727688787185355"
"1575","2015","4","25","0.224256292906178","0.775743707093821"
"1576","2015","4","26","0.215102974828375","0.784897025171625"
"1577","2015","4","27","0.210526315789474","0.789473684210526"
"1578","2015","4","28","0.311212814645309","0.688787185354691"
"1579","2015","4","29","0.0411899313501144","0.958810068649886"
"1580","2015","4","30","0.0366132723112128","0.963386727688787"
"1581","2015","5","1","0.0274599542334096","0.97254004576659"
"1582","2015","5","2","0.0205949656750572","0.979405034324943"
"1583","2015","5","3","0.0022883295194508","0.997711670480549"
"1584","2015","5","4","0","1"
"1585","2015","5","5","0","1"
"1586","2015","5","6","0","1"
"1587","2015","5","7","0","1"
"1588","2015","5","8","0","1"
"1589","2015","5","9","0","1"
"1590","2015","5","10","0","1"
"1591","2015","5","11","0","1"
"1592","2015","5","12","0","1"
"1593","2015","5","13","0","1"
"1594","2015","5","14","0","1"
"1595","2015","5","15","0","1"
"1596","2015","5","16","0","1"
"1597","2015","5","17","0","1"
"1598","2015","5","18","0","1"
"1599","2015","5","19","0","1"
"1600","2015","5","20","0","1"
"1601","2015","5","21","0","1"
"1602","2015","5","22","0","1"
"1603","2015","5","23","0","1"
"1604","2015","5","24","0","1"
"1605","2015","5","25","0","1"
"1606","2015","5","26","0","1"
"1607","2015","5","27","0","1"
"1608","2015","5","28","0","1"
"1609","2015","5","29","0","1"
"1610","2015","5","30","0","1"
"1611","2015","5","31","0","1"
"1612","2015","6","1","0","1"
"1613","2015","6","2","0","1"
"1614","2015","6","3","0","1"
"1615","2015","6","4","0","1"
"1616","2015","6","5","0","1"
"1617","2015","6","6","0","1"
"1618","2015","6","7","0","1"
"1619","2015","6","8","0","1"
"1620","2015","6","9","0","1"
"1621","2015","6","10","0","1"
"1622","2015","6","11","0","1"
"1623","2015","6","12","0","1"
"1624","2015","6","13","0","1"
"1625","2015","6","14","0","1"
"1626","2015","6","15","0","1"
"1627","2015","6","16","0","1"
"1628","2015","6","17","0","1"
"1629","2015","6","18","0","1"
"1630","2015","6","19","0","1"
"1631","2015","6","20","0","1"
"1632","2015","6","21","0","1"
"1633","2015","6","22","0","1"
"1634","2015","6","23","0","1"
"1635","2015","6","24","0","1"
"1636","2015","6","25","0","1"
"1637","2015","6","26","0","1"
"1638","2015","6","27","0","1"
"1639","2015","6","28","0","1"
"1640","2015","6","29","0","1"
"1641","2015","6","30","0","1"
"1642","2015","7","1","0","1"
"1643","2015","7","2","0","1"
"1644","2015","7","3","0","1"
"1645","2015","7","4","0","1"
"1646","2015","7","5","0","1"
"1647","2015","7","6","0","1"
"1648","2015","7","7","0","1"
"1649","2015","7","8","0","1"
"1650","2015","7","9","0","1"
"1651","2015","7","10","0","1"
"1652","2015","7","11","0","1"
"1653","2015","7","12","0","1"
"1654","2015","7","13","0","1"
"1655","2015","7","14","0","1"
"1656","2015","7","15","0","1"
"1657","2015","7","16","0","1"
"1658","2015","7","17","0","1"
"1659","2015","7","18","0","1"
"1660","2015","7","19","0","1"
"1661","2015","7","20","0","1"
"1662","2015","7","21","0","1"
"1663","2015","7","22","0","1"
"1664","2015","7","23","0","1"
"1665","2015","7","24","0","1"
"1666","2015","7","25","0","1"
"1667","2015","7","26","0","1"
"1668","2015","7","27","0","1"
"1669","2015","7","28","0","1"
"1670","2015","7","29","0","1"
"1671","2015","7","30","0","1"
"1672","2015","7","31","0","1"
"1673",NA,NA,NA,NA,NA
"1674",NA,NA,NA,NA,NA
"1675",NA,NA,NA,NA,NA
"1676",NA,NA,NA,NA,NA
"1677",NA,NA,NA,NA,NA
"1678",NA,NA,NA,NA,NA
"1679",NA,NA,NA,NA,NA
"1680",NA,NA,NA,NA,NA
"1681",NA,NA,NA,NA,NA
"1682",NA,NA,NA,NA,NA
"1683",NA,NA,NA,NA,NA
"1684",NA,NA,NA,NA,NA
"1685",NA,NA,NA,NA,NA
"1686",NA,NA,NA,NA,NA
"1687",NA,NA,NA,NA,NA
"1688",NA,NA,NA,NA,NA
"1689",NA,NA,NA,NA,NA
"1690",NA,NA,NA,NA,NA
"1691",NA,NA,NA,NA,NA
"1692",NA,NA,NA,NA,NA
"1693",NA,NA,NA,NA,NA
"1694",NA,NA,NA,NA,NA
"1695",NA,NA,NA,NA,NA
"1696",NA,NA,NA,NA,NA
"1697",NA,NA,NA,NA,NA
"1698",NA,NA,NA,NA,NA
"1699",NA,NA,NA,NA,NA
"1700",NA,NA,NA,NA,NA
"1701",NA,NA,NA,NA,NA
"1702",NA,NA,NA,NA,NA
"1703",NA,NA,NA,NA,NA
"1704",NA,NA,NA,NA,NA
"1705",NA,NA,NA,NA,NA
"1706",NA,NA,NA,NA,NA
"1707",NA,NA,NA,NA,NA
"1708",NA,NA,NA,NA,NA
"1709",NA,NA,NA,NA,NA
"1710",NA,NA,NA,NA,NA
"1711",NA,NA,NA,NA,NA
"1712",NA,NA,NA,NA,NA
"1713",NA,NA,NA,NA,NA
"1714",NA,NA,NA,NA,NA
"1715",NA,NA,NA,NA,NA
"1716",NA,NA,NA,NA,NA
"1717",NA,NA,NA,NA,NA
"1718",NA,NA,NA,NA,NA
"1719",NA,NA,NA,NA,NA
"1720",NA,NA,NA,NA,NA
"1721",NA,NA,NA,NA,NA
"1722",NA,NA,NA,NA,NA
"1723",NA,NA,NA,NA,NA
"1724",NA,NA,NA,NA,NA
"1725",NA,NA,NA,NA,NA
"1726",NA,NA,NA,NA,NA
"1727",NA,NA,NA,NA,NA
"1728",NA,NA,NA,NA,NA
"1729",NA,NA,NA,NA,NA
"1730",NA,NA,NA,NA,NA
"1731",NA,NA,NA,NA,NA
"1732",NA,NA,NA,NA,NA
"1733",NA,NA,NA,NA,NA
"1734",NA,NA,NA,NA,NA
"1735",NA,NA,NA,NA,NA
"1736",NA,NA,NA,NA,NA
"1737",NA,NA,NA,NA,NA
"1738",NA,NA,NA,NA,NA
"1739",NA,NA,NA,NA,NA
"1740",NA,NA,NA,NA,NA
"1741",NA,NA,NA,NA,NA
"1742",NA,NA,NA,NA,NA
"1743",NA,NA,NA,NA,NA
"1744",NA,NA,NA,NA,NA
"1745",NA,NA,NA,NA,NA
"1746",NA,NA,NA,NA,NA
"1747",NA,NA,NA,NA,NA
"1748",NA,NA,NA,NA,NA
"1749",NA,NA,NA,NA,NA
"1750",NA,NA,NA,NA,NA
"1751",NA,NA,NA,NA,NA
"1752",NA,NA,NA,NA,NA
"1753",NA,NA,NA,NA,NA
"1754",NA,NA,NA,NA,NA
"1755",NA,NA,NA,NA,NA
"1756",NA,NA,NA,NA,NA
"1757",NA,NA,NA,NA,NA
"1758",NA,NA,NA,NA,NA
"1759",NA,NA,NA,NA,NA
"1760",NA,NA,NA,NA,NA
"1761",NA,NA,NA,NA,NA
"1762",NA,NA,NA,NA,NA
"1763",NA,NA,NA,NA,NA
"1764",NA,NA,NA,NA,NA
"1765",NA,NA,NA,NA,NA
"1766",NA,NA,NA,NA,NA
"1767",NA,NA,NA,NA,NA
"1768",NA,NA,NA,NA,NA
"1769",NA,NA,NA,NA,NA
"1770",NA,NA,NA,NA,NA
"1771",NA,NA,NA,NA,NA
"1772",NA,NA,NA,NA,NA
"1773",NA,NA,NA,NA,NA
"1774",NA,NA,NA,NA,NA
"1775",NA,NA,NA,NA,NA
"1776",NA,NA,NA,NA,NA
"1777",NA,NA,NA,NA,NA
"1778",NA,NA,NA,NA,NA
"1779",NA,NA,NA,NA,NA
"1780",NA,NA,NA,NA,NA
"1781",NA,NA,NA,NA,NA
"1782",NA,NA,NA,NA,NA
"1783",NA,NA,NA,NA,NA
"1784",NA,NA,NA,NA,NA
"1785",NA,NA,NA,NA,NA
"1786",NA,NA,NA,NA,NA
"1787",NA,NA,NA,NA,NA
"1788",NA,NA,NA,NA,NA
"1789",NA,NA,NA,NA,NA
"1790",NA,NA,NA,NA,NA
"1791",NA,NA,NA,NA,NA
"1792",NA,NA,NA,NA,NA
"1793",NA,NA,NA,NA,NA
"1794",NA,NA,NA,NA,NA
"1795",NA,NA,NA,NA,NA
"1796",NA,NA,NA,NA,NA
"1797",NA,NA,NA,NA,NA
"1798",NA,NA,NA,NA,NA
"1799",NA,NA,NA,NA,NA
"1800",NA,NA,NA,NA,NA
"1801",NA,NA,NA,NA,NA
"1802",NA,NA,NA,NA,NA
"1803",NA,NA,NA,NA,NA
"1804",NA,NA,NA,NA,NA
"1805",NA,NA,NA,NA,NA
"1806",NA,NA,NA,NA,NA
"1807",NA,NA,NA,NA,NA
"1808",NA,NA,NA,NA,NA
"1809",NA,NA,NA,NA,NA
"1810",NA,NA,NA,NA,NA
"1811",NA,NA,NA,NA,NA
"1812",NA,NA,NA,NA,NA
"1813",NA,NA,NA,NA,NA
"1814",NA,NA,NA,NA,NA
"1815",NA,NA,NA,NA,NA
"1816",NA,NA,NA,NA,NA
"1817",NA,NA,NA,NA,NA
"1818",NA,NA,NA,NA,NA
"1819",NA,NA,NA,NA,NA
"1820",NA,NA,NA,NA,NA
"1821",NA,NA,NA,NA,NA
"1822",NA,NA,NA,NA,NA
"1823",NA,NA,NA,NA,NA
"1824",NA,NA,NA,NA,NA
"1825",NA,NA,NA,NA,NA
