"","V1","V2","V3"
"1","2011","2","274.888853809111"
"2","2011","3","271.293906666447"
"3","2011","4","269.32277913667"
"4","2011","5","269.831801022549"
"5","2011","6","268.579890207902"
"6","2011","7","267.83831053507"
"7","2011","8","268.780921110644"
"8","2011","9","268.616599177491"
"9","2011","10","265.582381171768"
"10","2011","11","265.729746143337"
"11","2011","12","267.619416091025"
"12","2011","13","267.229089088635"
"13","2011","14","263.414383046711"
"14","2011","15","262.619227936722"
"15","2011","16","267.346959938693"
"16","2011","17","261.062867354576"
"17","2011","18","262.447020105615"
"18","2011","19","271.111139065851"
"19","2011","20","266.834567018023"
"20","2011","21","264.689904490488"
"21","2011","22","260.119501279712"
"22","2011","23","257.062761127088"
"23","2011","24","251.865598203377"
"24","2011","25","259.847507331275"
"25","2011","26","265.35077933566"
"26","2011","27","268.198004538306"
"27","2011","28","265.956197664551"
"28","2011","29","267.750661747781"
"29","2011","30","266.962768188641"
"30","2011","31","262.665706220354"
"31","2011","32","262.905319407269"
"32","2011","33","265.833887567241"
"33","2011","34","265.014144169521"
"34","2011","35","260.397842525081"
"35","2011","36","264.663593212053"
"36","2011","37","272.125306864382"
"37","2011","38","268.487845264427"
"38","2011","39","270.49184926696"
"39","2011","40","260.809510314105"
"40","2011","41","261.794765079184"
"41","2011","42","260.627043340192"
"42","2011","43","264.146067920763"
"43","2011","44","265.685062993436"
"44","2011","45","271.470747976656"
"45","2011","46","266.841628021871"
"46","2011","47","262.350940530921"
"47","2011","48","270.279913251746"
"48","2011","49","274.394140178913"
"49","2011","50","271.380303738622"
"50","2011","51","263.002597461233"
"51","2011","52","264.674571716906"
"52","2011","53","261.619254670574"
"53","2011","54","263.781670779183"
"54","2011","55","265.084740690592"
"55","2011","56","271.364041591467"
"56","2011","57","267.486143753699"
"57","2011","58","267.577750326135"
"58","2011","59","269.204742076851"
"59","2011","60","270.417886275216"
"60","2011","61","266.636271354272"
"61","2011","62","261.64726517248"
"62","2011","63","261.490692730334"
"63","2011","64","270.548383757888"
"64","2011","65","276.676986715984"
"65","2011","66","273.643250762084"
"66","2011","67","268.43882984734"
"67","2011","68","268.04996788092"
"68","2011","69","272.128339705442"
"69","2011","70","276.758435538481"
"70","2011","71","275.556071617878"
"71","2011","72","275.05697243594"
"72","2011","73","273.386588895371"
"73","2011","74","272.808681443291"
"74","2011","75","273.591634039163"
"75","2011","76","276.483336553932"
"76","2011","77","280.361316634319"
"77","2011","78","276.712363761215"
"78","2011","79","274.153217714615"
"79","2011","80","273.301631153088"
"80","2011","81","274.572330540773"
"81","2011","82","274.278148738717"
"82","2011","83","272.769219635079"
"83","2011","84","272.406633453657"
"84","2011","85","270.75879428259"
"85","2011","86","269.900057569422"
"86","2011","87","269.46861948456"
"87","2011","88","271.807174759352"
"88","2011","89","275.33654131741"
"89","2011","90","274.131924586736"
"90","2011","91","273.838847835509"
"91","2011","92","274.774554292074"
"92","2011","93","276.147512477049"
"93","2011","94","275.154493696284"
"94","2011","95","280.095215367813"
"95","2011","96","276.070835939422"
"96","2011","97","277.6368397736"
"97","2011","98","277.86159176422"
"98","2011","99","279.561286818056"
"99","2011","100","282.086419640157"
"100","2011","101","286.023651694348"
"101","2011","102","287.540544470711"
"102","2011","103","279.153524670271"
"103","2011","104","282.193131360301"
"104","2011","105","279.722751352817"
"105","2011","106","276.461508026158"
"106","2011","107","279.999534680702"
"107","2011","108","279.192694361856"
"108","2011","109","280.922722157693"
"109","2011","110","280.236520547321"
"110","2011","111","279.742600101078"
"111","2011","112","278.224975063684"
"112","2011","113","277.395502841402"
"113","2011","114","284.844630291963"
"114","2011","115","285.746003578949"
"115","2011","116","288.603220073853"
"116","2011","117","292.621527765968"
"117","2011","118","291.534687351562"
"118","2011","119","287.22521834196"
"119","2011","120","284.27259746362"
"120","2011","121","283.548165714633"
"121","2011","122","283.281536357373"
"122","2011","123","286.974620662316"
"123","2011","124","285.862695312867"
"124","2011","125","280.097109776652"
"125","2011","126","282.025206435095"
"126","2011","127","284.926321586084"
"127","2011","128","285.524556395872"
"128","2011","129","284.447734113292"
"129","2011","130","283.517516946858"
"130","2011","131","285.38152675845"
"131","2011","132","287.248995832706"
"132","2011","133","288.370253703036"
"133","2011","134","287.327517540105"
"134","2011","135","286.779230005038"
"135","2011","136","285.65809016858"
"136","2011","137","285.591799049793"
"137","2011","138","287.914511375102"
"138","2011","139","290.162364153752"
"139","2011","140","290.4286067781"
"140","2011","141","289.533051825434"
"141","2011","142","289.208828780151"
"142","2011","143","288.099008131354"
"143","2011","144","291.455793512126"
"144","2011","145","291.598216040132"
"145","2011","146","291.769474519509"
"146","2011","147","295.788244587477"
"147","2011","148","294.544494382558"
"148","2011","149","294.395495421146"
"149","2011","150","295.839605794943"
"150","2011","151","293.235885498103"
"151","2011","152","294.68001029992"
"152","2011","153","288.119854066533"
"153","2011","154","284.414843839732"
"154","2011","155","285.718447758735"
"155","2011","156","287.971542067991"
"156","2011","157","291.418365547788"
"157","2011","158","292.194849263264"
"158","2011","159","294.858161420834"
"159","2011","160","297.025893111846"
"160","2011","161","293.725342592821"
"161","2011","162","288.34642464553"
"162","2011","163","287.870226258045"
"163","2011","164","289.241097509092"
"164","2011","165","286.521010419252"
"165","2011","166","289.384970471"
"166","2011","167","291.38588690523"
"167","2011","168","291.108501883279"
"168","2011","169","291.63218802575"
"169","2011","170","289.914017647051"
"170","2011","171","288.755608725762"
"171","2011","172","291.126220478319"
"172","2011","173","291.155441746926"
"173","2011","174","291.847406546109"
"174","2011","175","289.388927002145"
"175","2011","176","289.073912447194"
"176","2011","177","291.230712162225"
"177","2011","178","293.70021683703"
"178","2011","179","294.130483536224"
"179","2011","180","294.664936746446"
"180","2011","181","290.597493064216"
"181","2011","182","289.678828457849"
"182","2011","183","292.839018648409"
"183","2011","184","293.381318867735"
"184","2011","185","295.484948985879"
"185","2011","186","295.312941011946"
"186","2011","187","294.008455692044"
"187","2011","188","294.100847987933"
"188","2011","189","291.437635432911"
"189","2011","190","293.750004716866"
"190","2011","191","291.393933202308"
"191","2011","192","294.662287576158"
"192","2011","193","296.657473668816"
"193","2011","194","294.398406919844"
"194","2011","195","291.010936230234"
"195","2011","196","291.143706412038"
"196","2011","197","292.456841946155"
"197","2011","198","294.187291264803"
"198","2011","199","295.484347422377"
"199","2011","200","295.191478913383"
"200","2011","201","294.074881165324"
"201","2011","202","297.960598843676"
"202","2011","203","300.567508071781"
"203","2011","204","296.017167080565"
"204","2011","205","296.038189292033"
"205","2011","206","291.514892775931"
"206","2011","207","293.155297092149"
"207","2011","208","292.7923530867"
"208","2011","209","293.831477662638"
"209","2011","210","294.913206255348"
"210","2011","211","295.275142932049"
"211","2011","212","294.098465789591"
"212","2011","213","295.409972810756"
"213","2011","214","294.254675809768"
"214","2011","215","292.533124041607"
"215","2011","216","293.28532476895"
"216","2011","217","294.489123895418"
"217","2011","218","295.500831825495"
"218","2011","219","294.608802933516"
"219","2011","220","295.089954251477"
"220","2011","221","293.405426733182"
"221","2011","222","293.49200617092"
"222","2011","223","291.673065967751"
"223","2011","224","290.259987476712"
"224","2011","225","291.514774618301"
"225","2011","226","292.430428017365"
"226","2011","227","291.685179656891"
"227","2011","228","290.394720459766"
"228","2011","229","292.2431364342"
"229","2011","230","292.565648454824"
"230","2011","231","294.447190121596"
"231","2011","232","293.826958370362"
"232","2011","233","293.177533886983"
"233","2011","234","292.297901859182"
"234","2011","235","287.982208107021"
"235","2011","236","289.873771846879"
"236","2011","237","292.575601260365"
"237","2011","238","294.423471940278"
"238","2011","239","293.522762671448"
"239","2011","240","293.034721489785"
"240","2011","241","290.358509974361"
"241","2011","242","289.890650717688"
"242","2011","243","290.8124706716"
"243","2011","244","292.251000119606"
"244","2011","245","291.571395459241"
"245","2011","246","293.785310185732"
"246","2011","247","296.398777495214"
"247","2011","248","294.889158862931"
"248","2011","249","290.717265107641"
"249","2011","250","286.957022107385"
"250","2011","251","289.575119851756"
"251","2011","252","291.291788851962"
"252","2011","253","289.821518987195"
"253","2011","254","288.70912579747"
"254","2011","255","291.634299060906"
"255","2011","256","293.514170479985"
"256","2011","257","293.74504325869"
"257","2011","258","290.598730732627"
"258","2011","259","282.461509797611"
"259","2011","260","281.401367605182"
"260","2011","261","283.846026526894"
"261","2011","262","284.310435041068"
"262","2011","263","284.637287659982"
"263","2011","264","289.013587102038"
"264","2011","265","290.538158755278"
"265","2011","266","292.576126997427"
"266","2011","267","294.289879504655"
"267","2011","268","293.986210937289"
"268","2011","269","292.640390253731"
"269","2011","270","291.75738517842"
"270","2011","271","291.616119533461"
"271","2011","272","289.652926048864"
"272","2011","273","288.663541754996"
"273","2011","274","287.758084665262"
"274","2011","275","285.926195993298"
"275","2011","276","286.052554259241"
"276","2011","277","284.805104802016"
"277","2011","278","284.938876962674"
"278","2011","279","279.097019724957"
"279","2011","280","279.992070013852"
"280","2011","281","285.703045329556"
"281","2011","282","288.736891957026"
"282","2011","283","289.260005624545"
"283","2011","284","286.669392981668"
"284","2011","285","283.740295860523"
"285","2011","286","285.956542500974"
"286","2011","287","288.616270594504"
"287","2011","288","285.553937630548"
"288","2011","289","282.823232919495"
"289","2011","290","283.726634357871"
"290","2011","291","282.178303174612"
"291","2011","292","283.611908510564"
"292","2011","293","287.459950576695"
"293","2011","294","282.942782662999"
"294","2011","295","282.026659032198"
"295","2011","296","281.501724386969"
"296","2011","297","281.597514844434"
"297","2011","298","281.491090325121"
"298","2011","299","278.031894042909"
"299","2011","300","278.39127882193"
"300","2011","301","274.739308569213"
"301","2011","302","274.569117973061"
"302","2011","303","272.796307139826"
"303","2011","304","271.440016142129"
"304","2011","305","275.885791787315"
"305","2011","306","276.154678855658"
"306","2011","307","278.536634203414"
"307","2011","308","278.041307319579"
"308","2011","309","274.338088306562"
"309","2011","310","274.24739504898"
"310","2011","311","276.0743767966"
"311","2011","312","280.619973365718"
"312","2011","313","284.353398026141"
"313","2011","314","283.521577111364"
"314","2011","315","279.993147467224"
"315","2011","316","275.610149115175"
"316","2011","317","277.637652086853"
"317","2011","318","283.075178966767"
"318","2011","319","285.397683266125"
"319","2011","320","280.795293407994"
"320","2011","321","280.046804209982"
"321","2011","322","274.172653524818"
"322","2011","323","274.09498308899"
"323","2011","324","277.776881305402"
"324","2011","325","279.104950957098"
"325","2011","326","273.47666210403"
"326","2011","327","274.652663675235"
"327","2011","328","271.77705349116"
"328","2011","329","274.280519192801"
"329","2011","330","277.16825555511"
"330","2011","331","276.215724024802"
"331","2011","332","280.253073494395"
"332","2011","333","283.153441475153"
"333","2011","334","282.637746553024"
"334","2011","335","274.826615228888"
"335","2011","336","273.771729592835"
"336","2011","337","273.53086094421"
"337","2011","338","273.597394086795"
"338","2011","339","276.456555068338"
"339","2011","340","281.004629230044"
"340","2011","341","281.180191735306"
"341","2011","342","274.009794897774"
"342","2011","343","271.450033057299"
"343","2011","344","273.142336984965"
"344","2011","345","270.490104658851"
"345","2011","346","271.397009297909"
"346","2011","347","271.526472826137"
"347","2011","348","273.288419268176"
"348","2011","349","274.407702433302"
"349","2011","350","277.35053737003"
"350","2011","351","272.347588469635"
"351","2011","352","267.639953773318"
"352","2011","353","267.273569839356"
"353","2011","354","272.136453943502"
"354","2011","355","271.17428356092"
"355","2011","356","277.388396917133"
"356","2011","357","274.859020145884"
"357","2011","358","269.171452875863"
"358","2011","359","266.800877551351"
"359","2011","360","272.109235097704"
"360","2011","361","271.462907054579"
"361","2011","362","274.468460618431"
"362","2011","363","266.978968095188"
"363","2011","364","268.340142565701"
"364","2011","365","273.074393946809"
"365","2012","1","274.036070224968"
"366","2012","2","274.563677827457"
"367","2012","3","269.520857268952"
"368","2012","4","261.981788083555"
"369","2012","5","267.918773312109"
"370","2012","6","269.511498385371"
"371","2012","7","273.019089827561"
"372","2012","8","273.472813484013"
"373","2012","9","270.608578235297"
"374","2012","10","271.090990381776"
"375","2012","11","271.024714024899"
"376","2012","12","271.488504980125"
"377","2012","13","273.04533396121"
"378","2012","14","267.906183782788"
"379","2012","15","259.723705723198"
"380","2012","16","260.689135498979"
"381","2012","17","269.860644396452"
"382","2012","18","271.69062554128"
"383","2012","19","263.67888963847"
"384","2012","20","267.161183015456"
"385","2012","21","263.171486881407"
"386","2012","22","263.096094137554"
"387","2012","23","268.011154028294"
"388","2012","24","274.972819518427"
"389","2012","25","272.87550474715"
"390","2012","26","271.529593084702"
"391","2012","27","273.636465650185"
"392","2012","28","273.111237109363"
"393","2012","29","272.555875735744"
"394","2012","30","271.069922264448"
"395","2012","31","270.373378320147"
"396","2012","32","274.202708137515"
"397","2012","33","273.8531677021"
"398","2012","34","270.682189079489"
"399","2012","35","271.47983090171"
"400","2012","36","268.200718832517"
"401","2012","37","270.593849923672"
"402","2012","38","272.194599463751"
"403","2012","39","268.919968546511"
"404","2012","40","270.629893616566"
"405","2012","41","271.061212244818"
"406","2012","42","271.547913558226"
"407","2012","43","265.535886310172"
"408","2012","44","265.919213276189"
"409","2012","45","270.110586774373"
"410","2012","46","272.259468155016"
"411","2012","47","273.593791464404"
"412","2012","48","275.021214539681"
"413","2012","49","273.777343767233"
"414","2012","50","273.307035577903"
"415","2012","51","270.775823687934"
"416","2012","52","270.077399907859"
"417","2012","53","274.100016637249"
"418","2012","54","275.437141714036"
"419","2012","55","273.249528910946"
"420","2012","56","272.939441944215"
"421","2012","57","269.513778557005"
"422","2012","58","270.353485770814"
"423","2012","59","273.966851009903"
"424","2012","60","271.914752974969"
"425","2012","61","271.529895330091"
"426","2012","62","270.351423914331"
"427","2012","63","272.234642951069"
"428","2012","64","272.950127088342"
"429","2012","65","269.815332574009"
"430","2012","66","267.497952553456"
"431","2012","67","272.785767611567"
"432","2012","68","279.037520826759"
"433","2012","69","279.204879304921"
"434","2012","70","273.379182643378"
"435","2012","71","274.696645509216"
"436","2012","72","279.364623632208"
"437","2012","73","283.78182294416"
"438","2012","74","283.449071710215"
"439","2012","75","279.651965674237"
"440","2012","76","278.3544778329"
"441","2012","77","281.944434631764"
"442","2012","78","284.291244144652"
"443","2012","79","287.398956393029"
"444","2012","80","288.098922272835"
"445","2012","81","288.734035808669"
"446","2012","82","289.484854340013"
"447","2012","83","287.970293625005"
"448","2012","84","281.976482800414"
"449","2012","85","280.107138729696"
"450","2012","86","277.861989244609"
"451","2012","87","271.887711341422"
"452","2012","88","274.526852976702"
"453","2012","89","277.136628494243"
"454","2012","90","276.54234266936"
"455","2012","91","275.783344171146"
"456","2012","92","276.862042066218"
"457","2012","93","277.208192186267"
"458","2012","94","276.915704469907"
"459","2012","95","278.642579572288"
"460","2012","96","277.468984434195"
"461","2012","97","277.207649712964"
"462","2012","98","275.624399541232"
"463","2012","99","277.564011002831"
"464","2012","100","278.689266696605"
"465","2012","101","280.059066741856"
"466","2012","102","280.436353016927"
"467","2012","103","280.494343259562"
"468","2012","104","282.266422573159"
"469","2012","105","283.106375318525"
"470","2012","106","287.001928664872"
"471","2012","107","292.335876971513"
"472","2012","108","291.394096193647"
"473","2012","109","283.992013457166"
"474","2012","110","283.494761695335"
"475","2012","111","287.347744001027"
"476","2012","112","288.852581377728"
"477","2012","113","285.197164912025"
"478","2012","114","283.24474140896"
"479","2012","115","281.099186141622"
"480","2012","116","280.088802737775"
"481","2012","117","280.7764785151"
"482","2012","118","280.896254641686"
"483","2012","119","277.306774574676"
"484","2012","120","277.328468192943"
"485","2012","121","279.312445831276"
"486","2012","122","279.683463789146"
"487","2012","123","283.612793173224"
"488","2012","124","284.937630964884"
"489","2012","125","286.07190138951"
"490","2012","126","287.706723586096"
"491","2012","127","286.429398939496"
"492","2012","128","286.344969581477"
"493","2012","129","283.182609396173"
"494","2012","130","288.386376187059"
"495","2012","131","286.627935376014"
"496","2012","132","283.25453034237"
"497","2012","133","284.207288667727"
"498","2012","134","287.717351606003"
"499","2012","135","287.913376947533"
"500","2012","136","288.926169549027"
"501","2012","137","290.981009448253"
"502","2012","138","288.374395402589"
"503","2012","139","285.258962689201"
"504","2012","140","288.018898418833"
"505","2012","141","290.755336756556"
"506","2012","142","290.392568721151"
"507","2012","143","290.506144706881"
"508","2012","144","292.972729098408"
"509","2012","145","292.671528064303"
"510","2012","146","291.885368309892"
"511","2012","147","294.562956785983"
"512","2012","148","291.925505621486"
"513","2012","149","293.56910807081"
"514","2012","150","295.164295698616"
"515","2012","151","294.781030261758"
"516","2012","152","291.351763514796"
"517","2012","153","287.884609838017"
"518","2012","154","285.948720923545"
"519","2012","155","287.74179086062"
"520","2012","156","284.050500282666"
"521","2012","157","283.62832365859"
"522","2012","158","285.452777628256"
"523","2012","159","287.113554206155"
"524","2012","160","288.383991995152"
"525","2012","161","289.645240558655"
"526","2012","162","290.579235472852"
"527","2012","163","290.861757974716"
"528","2012","164","291.328852987825"
"529","2012","165","292.307455529703"
"530","2012","166","291.051840848876"
"531","2012","167","289.632924480887"
"532","2012","168","290.048595978144"
"533","2012","169","290.362067169961"
"534","2012","170","289.707982770022"
"535","2012","171","291.841950181072"
"536","2012","172","296.728583362098"
"537","2012","173","298.270570726834"
"538","2012","174","297.514876063474"
"539","2012","175","294.197204537915"
"540","2012","176","291.438367647495"
"541","2012","177","290.893203087616"
"542","2012","178","287.852693644921"
"543","2012","179","287.718599803107"
"544","2012","180","290.98077685636"
"545","2012","181","293.150926828226"
"546","2012","182","294.367075280711"
"547","2012","183","293.905848235665"
"548","2012","184","291.626368533289"
"549","2012","185","291.92252620787"
"550","2012","186","292.419452168132"
"551","2012","187","295.326427084764"
"552","2012","188","295.555327427059"
"553","2012","189","295.980355421853"
"554","2012","190","293.219922311554"
"555","2012","191","290.732543478179"
"556","2012","192","289.714079009595"
"557","2012","193","292.061946032739"
"558","2012","194","293.770320832488"
"559","2012","195","294.954633888019"
"560","2012","196","295.953788118021"
"561","2012","197","296.27317673335"
"562","2012","198","296.239118419454"
"563","2012","199","295.84211980698"
"564","2012","200","297.486518951076"
"565","2012","201","293.957611915783"
"566","2012","202","291.005670560131"
"567","2012","203","291.455365951072"
"568","2012","204","292.775423793479"
"569","2012","205","295.478924199866"
"570","2012","206","295.768551318377"
"571","2012","207","292.010562674634"
"572","2012","208","290.900109401853"
"573","2012","209","293.032133938455"
"574","2012","210","293.642569078391"
"575","2012","211","293.949786330738"
"576","2012","212","294.304812154687"
"577","2012","213","294.7677898029"
"578","2012","214","294.21872678826"
"579","2012","215","296.669735665269"
"580","2012","216","296.672382391457"
"581","2012","217","297.316107627969"
"582","2012","218","297.18611335331"
"583","2012","219","295.872251770196"
"584","2012","220","292.864954438595"
"585","2012","221","293.825705425824"
"586","2012","222","295.562098103259"
"587","2012","223","295.341741462351"
"588","2012","224","295.31856834799"
"589","2012","225","295.863262167988"
"590","2012","226","294.670476654623"
"591","2012","227","293.40334633545"
"592","2012","228","294.781690849097"
"593","2012","229","294.330446271442"
"594","2012","230","292.894785179904"
"595","2012","231","292.938568018287"
"596","2012","232","290.127810894928"
"597","2012","233","290.194332756696"
"598","2012","234","292.01348644951"
"599","2012","235","290.282046534788"
"600","2012","236","292.151157068066"
"601","2012","237","293.362542940184"
"602","2012","238","293.728434142972"
"603","2012","239","293.887771883112"
"604","2012","240","292.505513847746"
"605","2012","241","293.751318163245"
"606","2012","242","289.85489258802"
"607","2012","243","288.661204678847"
"608","2012","244","291.771930037276"
"609","2012","245","294.657258807282"
"610","2012","246","291.774879210552"
"611","2012","247","290.605828792385"
"612","2012","248","290.972926750782"
"613","2012","249","294.214436077851"
"614","2012","250","294.179489529745"
"615","2012","251","294.403001897107"
"616","2012","252","294.087405741559"
"617","2012","253","291.852154882302"
"618","2012","254","287.172062459999"
"619","2012","255","285.084343314103"
"620","2012","256","287.678936732753"
"621","2012","257","290.74735118223"
"622","2012","258","291.967170273574"
"623","2012","259","289.837066747475"
"624","2012","260","284.221306884624"
"625","2012","261","285.337076604969"
"626","2012","262","286.984019429198"
"627","2012","263","290.308880635587"
"628","2012","264","283.226881296077"
"629","2012","265","286.436058969483"
"630","2012","266","288.009956947947"
"631","2012","267","288.057293565751"
"632","2012","268","282.416762377165"
"633","2012","269","283.057064101905"
"634","2012","270","286.055242387713"
"635","2012","271","288.114935720332"
"636","2012","272","281.965090564855"
"637","2012","273","285.931809043304"
"638","2012","274","286.210125165268"
"639","2012","275","284.382595981853"
"640","2012","276","286.747206834122"
"641","2012","277","289.381608948369"
"642","2012","278","290.233404977525"
"643","2012","279","289.91888990022"
"644","2012","280","289.237800662473"
"645","2012","281","282.627959714625"
"646","2012","282","282.290046639468"
"647","2012","283","281.180284420553"
"648","2012","284","283.474293717898"
"649","2012","285","281.215883285607"
"650","2012","286","278.21107048228"
"651","2012","287","276.417254326004"
"652","2012","288","279.555957426233"
"653","2012","289","287.76079915729"
"654","2012","290","283.928369336433"
"655","2012","291","279.143778739043"
"656","2012","292","281.901105619941"
"657","2012","293","283.959956749961"
"658","2012","294","289.027328618328"
"659","2012","295","282.377509108909"
"660","2012","296","282.98765180174"
"661","2012","297","282.125893080013"
"662","2012","298","280.810171173387"
"663","2012","299","283.059319232903"
"664","2012","300","286.454534819199"
"665","2012","301","286.806466441939"
"666","2012","302","284.513455422777"
"667","2012","303","283.427671697157"
"668","2012","304","285.263967596091"
"669","2012","305","284.057350149527"
"670","2012","306","279.838929923948"
"671","2012","307","278.784847236596"
"672","2012","308","277.081905235256"
"673","2012","309","276.110201825345"
"674","2012","310","274.443547359768"
"675","2012","311","272.802464671609"
"676","2012","312","271.873962181808"
"677","2012","313","272.824941083735"
"678","2012","314","274.192640970591"
"679","2012","315","275.022364908078"
"680","2012","316","276.640712184337"
"681","2012","317","281.269118555988"
"682","2012","318","283.098349404763"
"683","2012","319","274.541749496196"
"684","2012","320","272.94732946586"
"685","2012","321","272.558097933196"
"686","2012","322","272.852435979504"
"687","2012","323","272.186327726075"
"688","2012","324","272.481667219128"
"689","2012","325","273.194907070256"
"690","2012","326","274.397991165203"
"691","2012","327","274.396958985616"
"692","2012","328","275.241174262908"
"693","2012","329","275.664766093709"
"694","2012","330","272.206031430153"
"695","2012","331","272.336710324663"
"696","2012","332","272.293507920123"
"697","2012","333","272.798253982808"
"698","2012","334","272.208968540769"
"699","2012","335","271.163300775043"
"700","2012","336","269.76764153007"
"701","2012","337","275.022292835663"
"702","2012","338","278.976624025331"
"703","2012","339","276.646902161281"
"704","2012","340","280.577876206134"
"705","2012","341","272.213684506181"
"706","2012","342","271.962542121543"
"707","2012","343","274.661240065206"
"708","2012","344","275.190626959604"
"709","2012","345","276.818803314837"
"710","2012","346","277.606991188691"
"711","2012","347","271.575500906178"
"712","2012","348","273.015947149802"
"713","2012","349","271.722782264384"
"714","2012","350","271.393063553905"
"715","2012","351","269.605050966903"
"716","2012","352","272.395237587244"
"717","2012","353","275.448389997754"
"718","2012","354","274.469885486679"
"719","2012","355","272.26249761898"
"720","2012","356","273.81290089408"
"721","2012","357","272.55353550058"
"722","2012","358","268.318910872545"
"723","2012","359","270.33058391982"
"724","2012","360","269.300201562393"
"725","2012","361","268.249266470053"
"726","2012","362","271.608125950073"
"727","2012","363","268.81252380948"
"728","2012","364","267.172038869111"
"729","2012","365","267.974286036575"
"730","2012","366","265.310330504463"
"731","2013","1","268.311355179283"
"732","2013","2","262.170002264976"
"733","2013","3","259.206674238213"
"734","2013","4","266.051999513871"
"735","2013","5","269.932801625152"
"736","2013","6","268.648319300835"
"737","2013","7","270.609078989932"
"738","2013","8","269.259056305214"
"739","2013","9","270.611206856612"
"740","2013","10","273.043902470616"
"741","2013","11","270.732604010629"
"742","2013","12","274.081124840393"
"743","2013","13","274.818032566296"
"744","2013","14","278.099445272858"
"745","2013","15","272.744432156166"
"746","2013","16","270.763996467718"
"747","2013","17","269.784901152424"
"748","2013","18","263.43708976516"
"749","2013","19","267.213621545013"
"750","2013","20","272.946874954884"
"751","2013","21","267.687963134194"
"752","2013","22","265.591127940608"
"753","2013","23","258.331456561802"
"754","2013","24","255.617692182836"
"755","2013","25","257.503556045587"
"756","2013","26","261.278946381333"
"757","2013","27","260.803427433395"
"758","2013","28","263.754190044441"
"759","2013","29","270.529303901529"
"760","2013","30","274.380921582987"
"761","2013","31","276.441169735836"
"762","2013","32","266.814170468032"
"763","2013","33","264.640812460902"
"764","2013","34","267.722836969578"
"765","2013","35","267.973492864366"
"766","2013","36","264.074823723353"
"767","2013","37","267.140974608402"
"768","2013","38","263.084475135834"
"769","2013","39","265.84364432504"
"770","2013","40","265.377194152128"
"771","2013","41","263.275297412226"
"772","2013","42","267.774368928147"
"773","2013","43","272.389074389052"
"774","2013","44","271.86870659189"
"775","2013","45","271.501348434673"
"776","2013","46","272.55136440228"
"777","2013","47","272.488094808126"
"778","2013","48","267.518483710487"
"779","2013","49","263.64263580055"
"780","2013","50","267.634149975785"
"781","2013","51","271.4577872349"
"782","2013","52","265.984848788856"
"783","2013","53","268.268126937536"
"784","2013","54","270.896951939994"
"785","2013","55","272.845634755345"
"786","2013","56","272.476719749368"
"787","2013","57","272.981889987772"
"788","2013","58","272.978011411863"
"789","2013","59","274.036178871606"
"790","2013","60","273.427218520848"
"791","2013","61","272.611167763333"
"792","2013","62","271.233739018751"
"793","2013","63","271.148688312082"
"794","2013","64","271.40649800395"
"795","2013","65","273.228926807037"
"796","2013","66","272.983243537795"
"797","2013","67","272.541842785181"
"798","2013","68","271.383057671387"
"799","2013","69","272.486075702322"
"800","2013","70","275.281312647275"
"801","2013","71","277.73608968953"
"802","2013","72","278.807863637304"
"803","2013","73","272.703314587358"
"804","2013","74","270.000208925831"
"805","2013","75","271.655633229671"
"806","2013","76","269.756368973691"
"807","2013","77","268.256358337581"
"808","2013","78","270.643971259316"
"809","2013","79","270.722976605452"
"810","2013","80","270.074995732752"
"811","2013","81","268.922819630131"
"812","2013","82","271.048151025334"
"813","2013","83","272.980773854635"
"814","2013","84","273.592480690306"
"815","2013","85","274.562871358179"
"816","2013","86","273.247108639881"
"817","2013","87","274.86492819071"
"818","2013","88","276.930406124166"
"819","2013","89","277.272004800694"
"820","2013","90","277.780507635479"
"821","2013","91","279.649560063091"
"822","2013","92","272.786907673726"
"823","2013","93","272.467642519209"
"824","2013","94","274.643435162295"
"825","2013","95","277.076078153914"
"826","2013","96","274.958109308204"
"827","2013","97","274.745374173312"
"828","2013","98","282.35502840631"
"829","2013","99","283.380511504748"
"830","2013","100","283.007683058398"
"831","2013","101","280.648951040091"
"832","2013","102","274.406517059969"
"833","2013","103","276.895209836774"
"834","2013","104","277.88850204246"
"835","2013","105","278.838001860544"
"836","2013","106","279.998031668099"
"837","2013","107","284.473148269419"
"838","2013","108","279.823503792939"
"839","2013","109","287.812807453817"
"840","2013","110","285.761384976745"
"841","2013","111","278.365716376461"
"842","2013","112","277.586104798319"
"843","2013","113","278.305179583218"
"844","2013","114","284.020028342662"
"845","2013","115","285.111687235167"
"846","2013","116","280.39378884932"
"847","2013","117","282.634371962692"
"848","2013","118","284.090594175954"
"849","2013","119","284.825703796687"
"850","2013","120","285.805649346588"
"851","2013","121","286.135460706689"
"852","2013","122","286.982341784674"
"853","2013","123","286.853291950376"
"854","2013","124","285.422677760608"
"855","2013","125","285.369057485494"
"856","2013","126","285.651113589885"
"857","2013","127","287.349936876999"
"858","2013","128","289.124096452769"
"859","2013","129","289.266622903537"
"860","2013","130","290.359587782724"
"861","2013","131","289.728121700568"
"862","2013","132","288.079541515304"
"863","2013","133","280.483855990224"
"864","2013","134","280.395619948151"
"865","2013","135","281.446885350012"
"866","2013","136","286.702649764224"
"867","2013","137","285.477512997132"
"868","2013","138","285.683731067035"
"869","2013","139","286.658762903636"
"870","2013","140","290.408667380163"
"871","2013","141","293.087662818475"
"872","2013","142","293.254761467905"
"873","2013","143","294.039863798449"
"874","2013","144","289.301339518994"
"875","2013","145","279.303665104043"
"876","2013","146","278.977070616292"
"877","2013","147","282.811708496207"
"878","2013","148","284.593072296566"
"879","2013","149","287.222374704637"
"880","2013","150","294.502995339809"
"881","2013","151","295.823733503732"
"882","2013","152","296.572851573583"
"883","2013","153","296.61632209174"
"884","2013","154","293.587384367837"
"885","2013","155","285.842170448246"
"886","2013","156","285.951415696476"
"887","2013","157","286.805894200803"
"888","2013","158","286.095279647343"
"889","2013","159","288.23308653228"
"890","2013","160","290.296499668465"
"891","2013","161","289.514839195547"
"892","2013","162","288.629360595943"
"893","2013","163","287.820934218315"
"894","2013","164","286.968800172566"
"895","2013","165","288.422862795784"
"896","2013","166","289.229032389172"
"897","2013","167","287.628293553362"
"898","2013","168","291.349832344209"
"899","2013","169","290.160452520935"
"900","2013","170","287.956641215237"
"901","2013","171","288.754621202928"
"902","2013","172","291.181392923322"
"903","2013","173","291.580634422649"
"904","2013","174","295.360408398409"
"905","2013","175","297.009839677377"
"906","2013","176","296.731262841975"
"907","2013","177","295.462957651359"
"908","2013","178","295.272246421607"
"909","2013","179","293.10447150863"
"910","2013","180","294.52234140954"
"911","2013","181","295.287583142334"
"912","2013","182","294.462213157385"
"913","2013","183","294.345555350602"
"914","2013","184","295.883549340844"
"915","2013","185","297.91233431817"
"916","2013","186","298.657989650426"
"917","2013","187","297.98069186522"
"918","2013","188","297.158086989846"
"919","2013","189","296.749368905811"
"920","2013","190","295.865334725138"
"921","2013","191","294.94636357725"
"922","2013","192","295.818510831376"
"923","2013","193","293.561037196726"
"924","2013","194","292.280535737869"
"925","2013","195","296.892321409615"
"926","2013","196","297.406036336039"
"927","2013","197","297.732099416963"
"928","2013","198","297.646493640515"
"929","2013","199","298.682217048459"
"930","2013","200","298.231587226163"
"931","2013","201","298.110157394745"
"932","2013","202","294.317010275563"
"933","2013","203","294.058595524955"
"934","2013","204","294.24291774255"
"935","2013","205","293.762136423746"
"936","2013","206","290.18318121686"
"937","2013","207","289.591947310609"
"938","2013","208","292.733897987156"
"939","2013","209","293.003431020335"
"940","2013","210","294.62913120607"
"941","2013","211","292.4988506474"
"942","2013","212","291.695273144052"
"943","2013","213","291.745783542277"
"944","2013","214","292.926646293556"
"945","2013","215","291.623738254035"
"946","2013","216","289.618260227381"
"947","2013","217","287.882161091247"
"948","2013","218","288.438641653073"
"949","2013","219","290.397947370661"
"950","2013","220","293.649981509351"
"951","2013","221","294.096413878663"
"952","2013","222","293.137725409045"
"953","2013","223","288.440368240142"
"954","2013","224","290.851756421441"
"955","2013","225","291.325976923699"
"956","2013","226","290.3517712842"
"957","2013","227","288.032779631715"
"958","2013","228","289.714823681708"
"959","2013","229","291.372675167826"
"960","2013","230","290.937791235547"
"961","2013","231","291.739460198553"
"962","2013","232","293.9368537729"
"963","2013","233","294.288361848063"
"964","2013","234","295.425663471045"
"965","2013","235","293.622645075938"
"966","2013","236","289.282748389181"
"967","2013","237","288.773774459162"
"968","2013","238","291.856955243042"
"969","2013","239","295.531827961017"
"970","2013","240","295.636243958121"
"971","2013","241","294.067227968957"
"972","2013","242","293.34982248798"
"973","2013","243","295.740757153767"
"974","2013","244","295.865308326533"
"975","2013","245","294.13045700119"
"976","2013","246","293.842382922431"
"977","2013","247","291.449411533738"
"978","2013","248","288.318139863414"
"979","2013","249","284.828308116123"
"980","2013","250","286.917273239924"
"981","2013","251","288.613459803771"
"982","2013","252","283.932769393756"
"983","2013","253","288.113762226508"
"984","2013","254","297.359969754983"
"985","2013","255","296.631983065114"
"986","2013","256","290.822193347487"
"987","2013","257","286.388854127995"
"988","2013","258","284.928241678054"
"989","2013","259","285.727099188438"
"990","2013","260","281.887672869705"
"991","2013","261","283.52366380774"
"992","2013","262","286.797344974141"
"993","2013","263","288.345356246772"
"994","2013","264","288.214002931251"
"995","2013","265","289.866273600195"
"996","2013","266","283.16264273404"
"997","2013","267","282.264525057915"
"998","2013","268","283.60357207096"
"999","2013","269","287.148267346387"
"1000","2013","270","287.969845328671"
"1001","2013","271","289.030262925239"
"1002","2013","272","288.016035552885"
"1003","2013","273","287.079252626947"
"1004","2013","274","287.844829655366"
"1005","2013","275","289.486363782048"
"1006","2013","276","288.625092281245"
"1007","2013","277","286.014994181323"
"1008","2013","278","287.902521466924"
"1009","2013","279","285.772437405421"
"1010","2013","280","288.762913912953"
"1011","2013","281","285.408263672119"
"1012","2013","282","281.626934092234"
"1013","2013","283","283.097220996056"
"1014","2013","284","286.565055075233"
"1015","2013","285","285.658290603996"
"1016","2013","286","284.764714011643"
"1017","2013","287","284.091538716029"
"1018","2013","288","287.363476366717"
"1019","2013","289","286.707935196773"
"1020","2013","290","288.496713877763"
"1021","2013","291","286.399607569952"
"1022","2013","292","283.078288265282"
"1023","2013","293","283.303461566166"
"1024","2013","294","281.766537903793"
"1025","2013","295","282.185252311232"
"1026","2013","296","278.520671721313"
"1027","2013","297","278.043184425502"
"1028","2013","298","276.979854896462"
"1029","2013","299","276.999907706004"
"1030","2013","300","279.048744188709"
"1031","2013","301","277.348883282642"
"1032","2013","302","277.061867402805"
"1033","2013","303","275.215756143703"
"1034","2013","304","277.676339973735"
"1035","2013","305","287.391382993482"
"1036","2013","306","282.727430151656"
"1037","2013","307","277.717240401029"
"1038","2013","308","274.02406973089"
"1039","2013","309","274.217076225458"
"1040","2013","310","276.814017437949"
"1041","2013","311","282.48336177875"
"1042","2013","312","276.328190198578"
"1043","2013","313","274.879254619037"
"1044","2013","314","276.188773235795"
"1045","2013","315","276.291352723235"
"1046","2013","316","274.411617115398"
"1047","2013","317","270.661546516646"
"1048","2013","318","272.6009495863"
"1049","2013","319","274.063731045893"
"1050","2013","320","276.240806303896"
"1051","2013","321","276.991148618192"
"1052","2013","322","284.003213509687"
"1053","2013","323","275.428531817406"
"1054","2013","324","271.407947398765"
"1055","2013","325","271.220915802458"
"1056","2013","326","274.353773021352"
"1057","2013","327","274.875818062649"
"1058","2013","328","268.333896602266"
"1059","2013","329","265.302344637586"
"1060","2013","330","270.7913597609"
"1061","2013","331","276.137395040071"
"1062","2013","332","270.662673118772"
"1063","2013","333","267.191021664982"
"1064","2013","334","267.280518516572"
"1065","2013","335","271.398931605709"
"1066","2013","336","273.376759651383"
"1067","2013","337","274.339295876003"
"1068","2013","338","272.846798984358"
"1069","2013","339","274.879248524082"
"1070","2013","340","278.428662792978"
"1071","2013","341","272.901147936396"
"1072","2013","342","271.483252420427"
"1073","2013","343","270.441698867295"
"1074","2013","344","271.326224543252"
"1075","2013","345","267.837357672618"
"1076","2013","346","266.292885862632"
"1077","2013","347","266.03404286378"
"1078","2013","348","262.057707764821"
"1079","2013","349","265.768056128329"
"1080","2013","350","265.115289457187"
"1081","2013","351","262.372205248355"
"1082","2013","352","264.455373915075"
"1083","2013","353","268.536602621983"
"1084","2013","354","270.953946064651"
"1085","2013","355","274.616166600958"
"1086","2013","356","276.59987924532"
"1087","2013","357","277.678932506693"
"1088","2013","358","271.074094424213"
"1089","2013","359","264.754500200845"
"1090","2013","360","266.876615959698"
"1091","2013","361","268.911254382526"
"1092","2013","362","270.120723115298"
"1093","2013","363","272.097384894203"
"1094","2013","364","271.710178223974"
"1095","2013","365","262.398692275103"
"1096","2014","1","264.371545650971"
"1097","2014","2","261.902855640108"
"1098","2014","3","256.254155013317"
"1099","2014","4","254.980802085869"
"1100","2014","5","264.981739823506"
"1101","2014","6","273.836557427936"
"1102","2014","7","265.154785027202"
"1103","2014","8","260.607854416235"
"1104","2014","9","262.508114908913"
"1105","2014","10","263.858566289805"
"1106","2014","11","272.634649352092"
"1107","2014","12","274.962874772485"
"1108","2014","13","272.357939523966"
"1109","2014","14","274.950354606996"
"1110","2014","15","274.686007384791"
"1111","2014","16","273.429511005146"
"1112","2014","17","271.830028140067"
"1113","2014","18","271.075628035712"
"1114","2014","19","270.737955603186"
"1115","2014","20","269.919872634455"
"1116","2014","21","263.40823427414"
"1117","2014","22","258.014619596763"
"1118","2014","23","257.065908848764"
"1119","2014","24","259.265720221256"
"1120","2014","25","263.618719567351"
"1121","2014","26","264.886561295682"
"1122","2014","27","266.761808826068"
"1123","2014","28","262.748563040401"
"1124","2014","29","261.881411377442"
"1125","2014","30","262.571826810516"
"1126","2014","31","265.918799122529"
"1127","2014","32","269.668104637146"
"1128","2014","33","273.020576153653"
"1129","2014","34","271.602728408159"
"1130","2014","35","267.911514268382"
"1131","2014","36","268.76131446929"
"1132","2014","37","266.29052122347"
"1133","2014","38","265.014056563266"
"1134","2014","39","264.883156712085"
"1135","2014","40","266.241046000889"
"1136","2014","41","266.246908221672"
"1137","2014","42","263.986731454213"
"1138","2014","43","262.587021455921"
"1139","2014","44","265.216363199583"
"1140","2014","45","270.701864804711"
"1141","2014","46","268.808009542657"
"1142","2014","47","267.792841296795"
"1143","2014","48","263.706732991741"
"1144","2014","49","263.947618307054"
"1145","2014","50","269.2912958162"
"1146","2014","51","272.510758980902"
"1147","2014","52","273.786214707998"
"1148","2014","53","273.757085000895"
"1149","2014","54","273.310851139167"
"1150","2014","55","270.997920378005"
"1151","2014","56","264.932599657434"
"1152","2014","57","264.114707194665"
"1153","2014","58","260.823623991026"
"1154","2014","59","262.595480003681"
"1155","2014","60","262.771120272709"
"1156","2014","61","269.184850836315"
"1157","2014","62","263.584167906194"
"1158","2014","63","258.830782708121"
"1159","2014","64","265.035405801986"
"1160","2014","65","262.059173735708"
"1161","2014","66","261.948298330304"
"1162","2014","67","267.482408817493"
"1163","2014","68","269.337604468591"
"1164","2014","69","268.976588425731"
"1165","2014","70","272.776462412021"
"1166","2014","71","272.145759711871"
"1167","2014","72","264.311128711154"
"1168","2014","73","262.783928775572"
"1169","2014","74","272.30111161487"
"1170","2014","75","268.926573018855"
"1171","2014","76","262.420963217996"
"1172","2014","77","264.42374260366"
"1173","2014","78","268.28645178323"
"1174","2014","79","273.322179623618"
"1175","2014","80","271.969123898781"
"1176","2014","81","268.649762993442"
"1177","2014","82","270.671921199872"
"1178","2014","83","265.036108024937"
"1179","2014","84","265.547535974079"
"1180","2014","85","268.021431415433"
"1181","2014","86","266.250808055254"
"1182","2014","87","272.732469165944"
"1183","2014","88","276.88571780862"
"1184","2014","89","275.223306536244"
"1185","2014","90","272.287143528766"
"1186","2014","91","273.09940864237"
"1187","2014","92","273.211054397217"
"1188","2014","93","273.01249504082"
"1189","2014","94","272.261645840361"
"1190","2014","95","275.394049417179"
"1191","2014","96","274.804066786824"
"1192","2014","97","275.531545434371"
"1193","2014","98","279.758777303742"
"1194","2014","99","278.292618969795"
"1195","2014","100","275.640847396546"
"1196","2014","101","281.688344824749"
"1197","2014","102","282.361076457836"
"1198","2014","103","280.504039385173"
"1199","2014","104","287.443466874975"
"1200","2014","105","286.316955744937"
"1201","2014","106","274.963661455341"
"1202","2014","107","273.916722349212"
"1203","2014","108","275.80988839839"
"1204","2014","109","278.548751089712"
"1205","2014","110","279.622143159963"
"1206","2014","111","280.942932760643"
"1207","2014","112","284.515832336964"
"1208","2014","113","282.406416895365"
"1209","2014","114","278.266223187811"
"1210","2014","115","280.43271927271"
"1211","2014","116","280.494578884796"
"1212","2014","117","279.496822277986"
"1213","2014","118","281.054298014537"
"1214","2014","119","282.032349245609"
"1215","2014","120","277.649151117606"
"1216","2014","121","283.078855925085"
"1217","2014","122","284.628851157238"
"1218","2014","123","283.296442314591"
"1219","2014","124","283.121656140588"
"1220","2014","125","282.54992325932"
"1221","2014","126","281.616558589221"
"1222","2014","127","282.435416607164"
"1223","2014","128","283.841684217911"
"1224","2014","129","283.669818368224"
"1225","2014","130","290.11545125947"
"1226","2014","131","289.478323942499"
"1227","2014","132","287.904936151452"
"1228","2014","133","285.738742936644"
"1229","2014","134","286.503799894413"
"1230","2014","135","290.933620064678"
"1231","2014","136","291.422740169303"
"1232","2014","137","291.101068846688"
"1233","2014","138","285.211223330557"
"1234","2014","139","283.127180866486"
"1235","2014","140","285.556213460353"
"1236","2014","141","287.898958263331"
"1237","2014","142","287.371942764245"
"1238","2014","143","286.482446607785"
"1239","2014","144","286.552892345762"
"1240","2014","145","288.461582764668"
"1241","2014","146","288.916287250661"
"1242","2014","147","291.906779860405"
"1243","2014","148","286.867275481434"
"1244","2014","149","285.042430407204"
"1245","2014","150","286.823512395326"
"1246","2014","151","287.577960812354"
"1247","2014","152","287.680699130119"
"1248","2014","153","290.170959287799"
"1249","2014","154","293.155861673112"
"1250","2014","155","292.461087375427"
"1251","2014","156","290.045160298047"
"1252","2014","157","288.693970935247"
"1253","2014","158","290.738557882563"
"1254","2014","159","293.210408080891"
"1255","2014","160","292.684363447875"
"1256","2014","161","293.672036310418"
"1257","2014","162","291.20357910105"
"1258","2014","163","288.494138857669"
"1259","2014","164","290.765436460745"
"1260","2014","165","292.040638425519"
"1261","2014","166","289.771978145256"
"1262","2014","167","290.242323262925"
"1263","2014","168","293.441865122141"
"1264","2014","169","295.182867914928"
"1265","2014","170","292.737354793936"
"1266","2014","171","287.294504729406"
"1267","2014","172","288.369835190499"
"1268","2014","173","290.157504567"
"1269","2014","174","291.973745895709"
"1270","2014","175","292.092169013757"
"1271","2014","176","294.083860970454"
"1272","2014","177","293.446621359558"
"1273","2014","178","293.105817148264"
"1274","2014","179","292.253977268503"
"1275","2014","180","293.641177902179"
"1276","2014","181","295.569109734269"
"1277","2014","182","297.118991451355"
"1278","2014","183","298.880556944748"
"1279","2014","184","297.357271225888"
"1280","2014","185","293.979364573387"
"1281","2014","186","290.386256677271"
"1282","2014","187","291.328963898673"
"1283","2014","188","292.142753107918"
"1284","2014","189","296.490287312478"
"1285","2014","190","295.889988965707"
"1286","2014","191","292.910665616166"
"1287","2014","192","291.466748189497"
"1288","2014","193","292.648795431695"
"1289","2014","194","294.877201729703"
"1290","2014","195","296.325410806932"
"1291","2014","196","295.777794738281"
"1292","2014","197","294.791895298918"
"1293","2014","198","292.487591124924"
"1294","2014","199","290.803799099177"
"1295","2014","200","291.484657736638"
"1296","2014","201","290.898039973202"
"1297","2014","202","292.400483396965"
"1298","2014","203","295.09756871935"
"1299","2014","204","296.917798371273"
"1300","2014","205","294.1758303454"
"1301","2014","206","290.632814765448"
"1302","2014","207","291.663992529723"
"1303","2014","208","291.367796782827"
"1304","2014","209","292.475467747225"
"1305","2014","210","291.57045033374"
"1306","2014","211","290.22571841486"
"1307","2014","212","291.070958270725"
"1308","2014","213","292.334754348108"
"1309","2014","214","293.357555988021"
"1310","2014","215","292.930165383927"
"1311","2014","216","293.470798373327"
"1312","2014","217","294.587198802135"
"1313","2014","218","292.79034388521"
"1314","2014","219","289.497337517634"
"1315","2014","220","289.349118386274"
"1316","2014","221","292.124553670582"
"1317","2014","222","293.38810647778"
"1318","2014","223","293.128074324803"
"1319","2014","224","292.717521395522"
"1320","2014","225","291.31389058735"
"1321","2014","226","290.01792546594"
"1322","2014","227","286.044936605596"
"1323","2014","228","289.028174960516"
"1324","2014","229","289.977967788809"
"1325","2014","230","289.178670598468"
"1326","2014","231","289.400867235254"
"1327","2014","232","291.877286420164"
"1328","2014","233","291.058528348248"
"1329","2014","234","289.931783285093"
"1330","2014","235","291.765653019367"
"1331","2014","236","292.830847311174"
"1332","2014","237","293.819434250035"
"1333","2014","238","294.645905625869"
"1334","2014","239","295.025173113857"
"1335","2014","240","292.675846143133"
"1336","2014","241","289.890441333069"
"1337","2014","242","290.649202698619"
"1338","2014","243","293.62514658061"
"1339","2014","244","296.189715544646"
"1340","2014","245","296.020235387153"
"1341","2014","246","294.856784672836"
"1342","2014","247","291.725413995112"
"1343","2014","248","294.458021623225"
"1344","2014","249","296.365542686813"
"1345","2014","250","291.564188228579"
"1346","2014","251","289.005792913733"
"1347","2014","252","288.154886899672"
"1348","2014","253","289.601963005787"
"1349","2014","254","289.365209189056"
"1350","2014","255","288.841420031974"
"1351","2014","256","283.940349712772"
"1352","2014","257","285.855693757963"
"1353","2014","258","282.71594356899"
"1354","2014","259","284.687151724972"
"1355","2014","260","285.849353598671"
"1356","2014","261","284.974413123705"
"1357","2014","262","282.679455342905"
"1358","2014","263","283.005161081697"
"1359","2014","264","290.576786283691"
"1360","2014","265","289.50391964201"
"1361","2014","266","283.546694369167"
"1362","2014","267","286.538965460317"
"1363","2014","268","286.884783664833"
"1364","2014","269","287.699861964413"
"1365","2014","270","289.843208362541"
"1366","2014","271","291.554200540769"
"1367","2014","272","290.780104304145"
"1368","2014","273","289.989722955683"
"1369","2014","274","287.260067625408"
"1370","2014","275","288.328873828211"
"1371","2014","276","286.431679873187"
"1372","2014","277","284.995686555211"
"1373","2014","278","284.392446022042"
"1374","2014","279","281.552638873594"
"1375","2014","280","285.630856073144"
"1376","2014","281","287.955830267696"
"1377","2014","282","283.751156528755"
"1378","2014","283","281.658421000024"
"1379","2014","284","281.281702730462"
"1380","2014","285","282.007058277444"
"1381","2014","286","279.817819730872"
"1382","2014","287","289.409063111931"
"1383","2014","288","293.047704726969"
"1384","2014","289","292.027189871575"
"1385","2014","290","289.039525266897"
"1386","2014","291","286.988678893255"
"1387","2014","292","281.352779980799"
"1388","2014","293","277.125323072962"
"1389","2014","294","281.177790879118"
"1390","2014","295","281.832202876127"
"1391","2014","296","280.72192615476"
"1392","2014","297","280.882950893267"
"1393","2014","298","282.480551514017"
"1394","2014","299","280.983129447012"
"1395","2014","300","280.793125346028"
"1396","2014","301","280.773557733755"
"1397","2014","302","285.442291892253"
"1398","2014","303","280.805539626377"
"1399","2014","304","279.565157415001"
"1400","2014","305","278.138475094767"
"1401","2014","306","275.059573235938"
"1402","2014","307","273.762149267278"
"1403","2014","308","277.517742159689"
"1404","2014","309","282.38978622707"
"1405","2014","310","278.877054344052"
"1406","2014","311","278.410598305183"
"1407","2014","312","275.040422747605"
"1408","2014","313","277.167087924613"
"1409","2014","314","277.01482548527"
"1410","2014","315","279.055594621793"
"1411","2014","316","283.107797509192"
"1412","2014","317","276.169178126159"
"1413","2014","318","273.755377133684"
"1414","2014","319","271.770393892122"
"1415","2014","320","270.579583277571"
"1416","2014","321","273.900831072587"
"1417","2014","322","273.2169747957"
"1418","2014","323","269.468057411034"
"1419","2014","324","270.707362914387"
"1420","2014","325","269.719165110415"
"1421","2014","326","268.819188390155"
"1422","2014","327","274.623923952625"
"1423","2014","328","278.843381456168"
"1424","2014","329","281.8675890958"
"1425","2014","330","275.055660659257"
"1426","2014","331","271.424581916019"
"1427","2014","332","268.634840030842"
"1428","2014","333","264.951688703749"
"1429","2014","334","270.977585479133"
"1430","2014","335","275.947059434282"
"1431","2014","336","270.831034252456"
"1432","2014","337","273.2386595216"
"1433","2014","338","272.107022360043"
"1434","2014","339","268.925968726352"
"1435","2014","340","273.211024359577"
"1436","2014","341","270.574811212378"
"1437","2014","342","265.061181859046"
"1438","2014","343","270.715265215897"
"1439","2014","344","273.803279541778"
"1440","2014","345","272.138773120789"
"1441","2014","346","270.135018166729"
"1442","2014","347","270.393947325512"
"1443","2014","348","270.36711129002"
"1444","2014","349","269.951569410106"
"1445","2014","350","270.433778807264"
"1446","2014","351","273.895227097313"
"1447","2014","352","272.933736944905"
"1448","2014","353","270.313152469556"
"1449","2014","354","268.014189692423"
"1450","2014","355","268.566515689137"
"1451","2014","356","270.897830894584"
"1452","2014","357","273.643846304432"
"1453","2014","358","275.505485708142"
"1454","2014","359","278.458777372493"
"1455","2014","360","273.680132909541"
"1456","2014","361","273.088959568392"
"1457","2014","362","274.651058331446"
"1458","2014","363","271.902094857951"
"1459","2014","364","268.188684760187"
"1460","2014","365","264.583371531332"
"1","2015","1","266.659603389081"
"2","2015","2","268.915166310077"
"3","2015","3","268.022403084205"
"4","2015","4","272.373240507314"
"5","2015","5","270.685908845816"
"6","2015","6","262.187893851464"
"7","2015","7","263.914816165049"
"8","2015","8","257.036000840211"
"9","2015","9","263.20136436369"
"10","2015","10","263.410867576662"
"11","2015","11","262.538756194603"
"12","2015","12","268.671207051521"
"13","2015","13","265.513012717085"
"14","2015","14","259.894042946536"
"15","2015","15","264.00328250666"
"16","2015","16","265.714219990885"
"17","2015","17","258.986144061913"
"18","2015","18","266.815233652363"
"19","2015","19","273.245655866227"
"20","2015","20","267.588678543651"
"21","2015","21","264.081706322919"
"22","2015","22","266.097768279276"
"23","2015","23","265.535360958559"
"24","2015","24","268.515431975889"
"25","2015","25","267.45466469272"
"26","2015","26","261.444909317928"
"27","2015","27","263.606075394376"
"28","2015","28","261.01692899923"
"29","2015","29","260.636506361116"
"30","2015","30","268.786230423377"
"31","2015","31","259.709834252008"
"32","2015","32","259.610970377895"
"33","2015","33","262.066553376066"
"34","2015","34","258.110478701832"
"35","2015","35","261.410103962042"
"36","2015","36","267.780089542582"
"37","2015","37","255.057696570358"
"38","2015","38","262.149387905797"
"39","2015","39","265.944628796414"
"40","2015","40","265.125664452196"
"41","2015","41","266.198589835682"
"42","2015","42","262.334823407318"
"43","2015","43","263.7568847859"
"44","2015","44","259.910307053758"
"45","2015","45","255.861731161656"
"46","2015","46","261.438033406721"
"47","2015","47","253.269166650843"
"48","2015","48","254.617245559647"
"49","2015","49","259.140415355884"
"50","2015","50","263.792806150298"
"51","2015","51","257.938314923042"
"52","2015","52","256.008673597243"
"53","2015","53","269.820888524662"
"54","2015","54","263.037107360496"
"55","2015","55","253.640837515707"
"56","2015","56","262.520043098961"
"57","2015","57","261.812700714552"
"58","2015","58","261.51234608072"
"59","2015","59","259.015061603186"
"60","2015","60","259.613771074152"
"61","2015","61","267.680521551818"
"62","2015","62","263.87584750556"
"63","2015","63","270.513037732226"
"64","2015","64","268.423584872232"
"65","2015","65","259.210526772406"
"66","2015","66","262.542089194339"
"67","2015","67","268.604543610195"
"68","2015","68","267.629840869894"
"69","2015","69","269.020879924766"
"70","2015","70","273.584832046054"
"71","2015","71","270.022002266068"
"72","2015","72","265.371255564685"
"73","2015","73","270.078979992775"
"74","2015","74","272.794707375783"
"75","2015","75","269.660014939194"
"76","2015","76","271.598734351921"
"77","2015","77","265.916407484948"
"78","2015","78","264.861350843103"
"79","2015","79","266.08397229673"
"80","2015","80","271.230089659305"
"81","2015","81","266.569180914846"
"82","2015","82","262.506913115476"
"83","2015","83","265.323148337505"
"84","2015","84","268.660023359122"
"85","2015","85","274.395075337209"
"86","2015","86","274.342119256226"
"87","2015","87","269.797820244757"
"88","2015","88","268.903301863674"
"89","2015","89","269.558915375401"
"90","2015","90","273.166559356227"
"91","2015","91","269.902137652719"
"92","2015","92","270.894648997504"
"93","2015","93","278.864938482144"
"94","2015","94","275.882216618834"
"95","2015","95","271.935231422231"
"96","2015","96","273.657498257377"
"97","2015","97","276.196128811925"
"98","2015","98","271.798774328787"
"99","2015","99","272.608254285646"
"100","2015","100","275.064261693612"
"101","2015","101","277.151101513537"
"102","2015","102","277.72341413452"
"103","2015","103","280.80402785492"
"104","2015","104","283.629603395186"
"105","2015","105","280.094938382904"
"106","2015","106","279.658095292933"
"107","2015","107","281.595194198245"
"108","2015","108","284.398986370554"
"109","2015","109","283.123418265147"
"110","2015","110","278.096385954069"
"111","2015","111","282.115537589562"
"112","2015","112","281.824228409574"
"113","2015","113","279.020026223368"
"114","2015","114","275.674820087004"
"115","2015","115","276.364622217256"
"116","2015","116","278.520543081272"
"117","2015","117","279.637709288794"
"118","2015","118","281.675830912668"
"119","2015","119","283.113035331671"
"120","2015","120","283.497791484825"
"121","2015","121","282.763025650463"
"122","2015","122","286.086663306897"
"123","2015","123","288.271811638145"
"124","2015","124","288.824216436038"
"125","2015","125","290.322484120197"
"126","2015","126","286.815583525547"
"127","2015","127","287.659807920292"
"128","2015","128","289.930714878635"
"129","2015","129","290.980694536293"
"130","2015","130","293.717079358065"
"131","2015","131","295.14412842901"
"132","2015","132","293.788719236808"
"133","2015","133","285.96480887042"
"134","2015","134","283.243338642704"
"135","2015","135","284.518875685743"
"136","2015","136","288.065039423385"
"137","2015","137","292.943980466618"
"138","2015","138","290.518405873385"
"139","2015","139","291.004295440586"
"140","2015","140","287.544168116401"
"141","2015","141","282.258486247601"
"142","2015","142","285.772289035924"
"143","2015","143","281.016729244083"
"144","2015","144","284.373146708137"
"145","2015","145","288.603317157041"
"146","2015","146","294.239980870196"
"147","2015","147","295.626236677896"
"148","2015","148","295.081213427217"
"149","2015","149","292.943002099943"
"150","2015","150","293.283789611874"
"151","2015","151","292.305857209934"
"152","2015","152","284.427406569482"
"153","2015","153","283.91745537286"
"154","2015","154","286.612168309449"
"155","2015","155","287.807721394321"
"156","2015","156","287.705641926041"
"157","2015","157","289.617826971903"
"158","2015","158","286.111689496888"
"159","2015","159","287.910344436639"
"160","2015","160","292.858558851399"
"161","2015","161","291.629479165099"
"162","2015","162","293.298365459927"
"163","2015","163","292.13339221847"
"164","2015","164","294.094899652828"
"165","2015","165","291.580865586274"
"166","2015","166","288.777548985558"
"167","2015","167","290.368726519158"
"168","2015","168","291.279455792705"
"169","2015","169","289.813677331111"
"170","2015","170","293.013774409822"
"171","2015","171","288.841712632282"
"172","2015","172","292.535050288894"
"173","2015","173","294.077585746338"
"174","2015","174","293.08339326209"
"175","2015","175","292.856165242512"
"176","2015","176","290.333962733618"
"177","2015","177","289.305648724783"
"178","2015","178","289.655572493243"
"179","2015","179","286.98432009074"
"180","2015","180","288.398659464384"
"181","2015","181","290.46739333225"
"182","2015","182","291.371630922158"
"183","2015","183","291.182775939155"
"184","2015","184","289.590018703795"
"185","2015","185","288.44001956199"
"186","2015","186","291.190387474957"
"187","2015","187","294.171417364513"
"188","2015","188","294.73561980898"
"189","2015","189","295.35406400462"
"190","2015","190","291.906415780809"
"191","2015","191","293.69432470244"
"192","2015","192","293.566885540676"
"193","2015","193","295.032602880462"
"194","2015","194","295.798344545411"
"195","2015","195","294.177635251769"
"196","2015","196","293.36688126218"
"197","2015","197","289.618624209892"
"198","2015","198","290.573534688497"
"199","2015","199","293.28282481996"
"200","2015","200","296.88446439161"
"201","2015","201","297.748169897057"
"202","2015","202","294.023823407198"
"203","2015","203","292.006769824175"
"204","2015","204","290.30300888278"
"205","2015","205","290.176242862596"
"206","2015","206","291.483171669365"
"207","2015","207","293.216033025591"
"208","2015","208","295.539481658439"
"209","2015","209","295.876521423099"
"210","2015","210","296.809715114141"
"211","2015","211","296.695320590252"
"212","2015","212","294.393981235785"
"213","2015","213","291.936078820447"
"214","2015","214","292.283037674722"
"215","2015","215","293.020005214305"
"216","2015","216","294.084466495521"
"217","2015","217","291.029897264484"
"218","2015","218","289.813275998044"
"219","2015","219","291.008820776613"
"220","2015","220","292.002926948185"
"221","2015","221","292.923891376738"
"222","2015","222","292.571674117501"
"223","2015","223","291.896508802195"
"224","2015","224","292.555971977729"
"225","2015","225","291.804795733004"
"226","2015","226","291.795603287202"
"227","2015","227","294.816712190601"
"228","2015","228","295.93759166162"
"229","2015","229","296.07060630583"
"230","2015","230","296.921081462552"
"231","2015","231","296.418178559952"
"232","2015","232","296.285153825918"
"233","2015","233","294.5763719869"
"234","2015","234","294.629205510764"
"235","2015","235","295.165780097252"
"236","2015","236","295.479350662032"
"237","2015","237","294.510358814945"
"238","2015","238","294.309066535353"
"239","2015","239","290.422939527835"
"240","2015","240","290.147197370369"
"241","2015","241","290.997254829164"
"242","2015","242","292.786133711956"
"243","2015","243","294.756922295"
"244","2015","244","294.36871459969"
"245","2015","245","293.972780337645"
"246","2015","246","295.488721407955"
"247","2015","247","294.343883649406"
"248","2015","248","291.45310902269"
"249","2015","249","292.701643072578"
"250","2015","250","294.936455649996"
"251","2015","251","296.894512179326"
"252","2015","252","297.268826209"
"253","2015","253","294.549985122566"
"254","2015","254","291.819335071978"
"255","2015","255","290.484632579521"
"256","2015","256","291.150573254751"
"257","2015","257","288.16477995139"
"258","2015","258","289.801802481211"
"259","2015","259","291.840403325247"
"260","2015","260","292.460424040793"
"261","2015","261","292.479490308055"
"262","2015","262","291.796206092076"
"263","2015","263","291.570565361435"
"264","2015","264","284.736815487128"
"265","2015","265","285.535225584453"
"266","2015","266","286.682177694617"
"267","2015","267","288.54592265253"
"268","2015","268","286.778909403561"
"269","2015","269","285.336123739207"
"270","2015","270","283.940585984722"
"271","2015","271","287.939022892969"
"272","2015","272","292.000444669057"
"273","2015","273","291.797116174872"
"274","2015","274","284.217262203287"
"275","2015","275","281.615181659882"
"276","2015","276","280.113598356286"
"277","2015","277","281.82470721692"
"278","2015","278","281.984993630294"
"279","2015","279","284.050064380504"
"280","2015","280","284.656686700633"
"281","2015","281","285.651214270064"
"282","2015","282","283.799111574386"
"283","2015","283","282.797329035516"
"284","2015","284","280.95696896299"
"285","2015","285","285.901892269869"
"286","2015","286","286.371461148634"
"287","2015","287","285.638314875769"
"288","2015","288","282.082326123143"
"289","2015","289","281.403891097834"
"290","2015","290","278.746079302951"
"291","2015","291","274.903907588459"
"292","2015","292","274.31803053433"
"293","2015","293","279.349477626546"
"294","2015","294","283.788638254882"
"295","2015","295","285.159209228148"
"296","2015","296","280.68609261679"
"297","2015","297","277.058179788932"
"298","2015","298","281.858450757452"
"299","2015","299","278.98239700641"
"300","2015","300","277.038147024292"
"301","2015","301","277.271797085804"
"302","2015","302","287.776183695207"
"303","2015","303","280.344580247715"
"304","2015","304","277.046295992915"
"305","2015","305","280.164807126513"
"306","2015","306","282.43984838171"
"307","2015","307","282.184136521625"
"308","2015","308","282.774264496819"
"309","2015","309","284.329984485473"
"310","2015","310","288.131574351182"
"311","2015","311","285.293902625481"
"312","2015","312","277.494634197329"
"313","2015","313","276.534698942701"
"314","2015","314","278.109231387028"
"315","2015","315","280.119323342591"
"316","2015","316","280.872806255764"
"317","2015","317","281.315014376539"
"318","2015","318","276.734036354861"
"319","2015","319","275.07080769919"
"320","2015","320","277.747182425618"
"321","2015","321","274.203197158019"
"322","2015","322","273.913663501909"
"323","2015","323","278.610167555938"
"324","2015","324","283.573407408187"
"325","2015","325","275.600722496442"
"326","2015","326","276.363233120716"
"327","2015","327","273.154931330965"
"328","2015","328","270.93760643479"
"329","2015","329","273.053841557097"
"330","2015","330","274.847296161457"
"331","2015","331","279.964687846507"
"332","2015","332","281.155386040674"
"333","2015","333","273.980634240699"
"334","2015","334","271.21433821096"
"335","2015","335","271.599262333342"
"336","2015","336","276.018118963039"
"337","2015","337","276.502813163345"
"338","2015","338","274.152130166065"
"339","2015","339","274.056406590779"
"340","2015","340","273.751737988233"
"341","2015","341","273.890390969024"
"342","2015","342","273.315653512841"
"343","2015","343","272.918516377036"
"344","2015","344","276.450646475622"
"345","2015","345","278.470962379932"
"346","2015","346","279.010696935506"
"347","2015","347","279.152667981158"
"348","2015","348","280.635112413445"
"349","2015","349","283.06360890536"
"350","2015","350","276.4588104756"
"351","2015","351","276.404821081833"
"352","2015","352","280.631486265971"
"353","2015","353","273.512434709108"
"354","2015","354","271.215183035786"
"355","2015","355","273.032718407468"
"356","2015","356","277.917808119879"
"357","2015","357","280.560576583162"
"358","2015","358","285.471184882802"
"359","2015","359","280.870468334536"
"360","2015","360","277.451286193701"
"361","2015","361","277.498182379061"
"362","2015","362","272.424659338547"
"363","2015","363","268.962858392619"
"364","2015","364","270.275579668874"
"365","2015","365","272.924008840324"
